ID,N,p,mu,f,g,h
1,1000,1,"@(x,y) 0.1",12*x.^2+12*y.^2,"@(x,y) -x.^4 - y.^4",0.0573981809049186
2,1000,1,"@(x,y) 0.1",18*pi^2*cos(3*pi*y).*sin(3*pi*x),"@(x,y) sin(3*pi*x).*cos(3*pi*y)",0.0573981809049186
3,1000,1,"@(x,y) 0.1",-3.*x,"@(x,y) x.^3/2 + y",0.0573981809049186
4,1000,1,"@(x,y) 0.1",-2*exp(x + y),"@(x,y) exp(x+y)",0.0573981809049186
5,1000,1,"@(x,y) 0.1",x.^2.*exp(y).*sin(x.*y) - 2*x.*exp(y).*cos(x.*y) - exp(y).*sin(x.*y) + y.^2.*exp(y).*sin(x.*y),"@(x,y) sin(x.*y).*exp(y)",0.0573981809049186
6,1000,1,"@(x,y) 0.1",(pi^2)*x.^2.*sin(pi*x.*y) + y.^2*pi^2.*sin(pi*x.*y),"@(x,y) sin(pi*x.*y)",0.0573981809049186
7,1000,1,"@(x,y) 0.1",(- 3./(4*(x.^2 + y).^(1/2)) - 3*(x.^2 + y).^(1/2) - (3*x.^2)./(x.^2 + y).^(1/2)),"@(x,y) (x.^2+y).^1.5",0.0573981809049186
8,1000,1,"@(x,y) 1",12*x.^2+12*y.^2,"@(x,y) -x.^4 - y.^4",0.0573981809049186
9,1000,1,"@(x,y) 1",18*pi^2*cos(3*pi*y).*sin(3*pi*x),"@(x,y) sin(3*pi*x).*cos(3*pi*y)",0
10,1000,1,"@(x,y) 1",-3.*x,"@(x,y) x.^3/2 + y",0
11,1000,1,"@(x,y) 1",-2*exp(x + y),"@(x,y) exp(x+y)",0
12,1000,1,"@(x,y) 1",x.^2.*exp(y).*sin(x.*y) - 2*x.*exp(y).*cos(x.*y) - exp(y).*sin(x.*y) + y.^2.*exp(y).*sin(x.*y),"@(x,y) sin(x.*y).*exp(y)",0
13,1000,1,"@(x,y) 1",(pi^2)*x.^2.*sin(pi*x.*y) + y.^2*pi^2.*sin(pi*x.*y),"@(x,y) sin(10*pi*x.*y)",0
14,1000,1,"@(x,y) 1",(- 3./(4*(x.^2 + y).^(1/2)) - 3*(x.^2 + y).^(1/2) - (3*x.^2)./(x.^2 + y).^(1/2)),"@(x,y) (x.^2+y).^1.5",0
15,1000,1,"@(x,y) 10",12*x.^2+12*y.^2,"@(x,y) -x.^4 - y.^4",0
16,1000,1,"@(x,y) 10",18*pi^2*cos(3*pi*y).*sin(3*pi*x),"@(x,y) sin(3*pi*x).*cos(3*pi*y)",0
17,1000,1,"@(x,y) 10",-3.*x,"@(x,y) x.^3/2 + y",0
18,1000,1,"@(x,y) 10",-2*exp(x + y),"@(x,y) exp(x+y)",0
19,1000,1,"@(x,y) 10",x.^2.*exp(y).*sin(x.*y) - 2*x.*exp(y).*cos(x.*y) - exp(y).*sin(x.*y) + y.^2.*exp(y).*sin(x.*y),"@(x,y) sin(x.*y).*exp(y)",0
20,1000,1,"@(x,y) 10",(pi^2)*x.^2.*sin(pi*x.*y) + y.^2*pi^2.*sin(pi*x.*y),"@(x,y) sin(10*pi*x.*y)",0
21,1000,1,"@(x,y) 10",(- 3./(4*(x.^2 + y).^(1/2)) - 3*(x.^2 + y).^(1/2) - (3*x.^2)./(x.^2 + y).^(1/2)),"@(x,y) (x.^2+y).^1.5",0
22,1000,1,"@(x,y) 100",12*x.^2+12*y.^2,"@(x,y) -x.^4 - y.^4",0
23,1000,1,"@(x,y) 100",18*pi^2*cos(3*pi*y).*sin(3*pi*x),"@(x,y) sin(3*pi*x).*cos(3*pi*y)",0
24,1000,1,"@(x,y) 100",-3.*x,"@(x,y) x.^3/2 + y",0
25,1000,1,"@(x,y) 100",-2*exp(x + y),"@(x,y) exp(x+y)",0
26,1000,1,"@(x,y) 100",x.^2.*exp(y).*sin(x.*y) - 2*x.*exp(y).*cos(x.*y) - exp(y).*sin(x.*y) + y.^2.*exp(y).*sin(x.*y),"@(x,y) sin(x.*y).*exp(y)",0
27,1000,1,"@(x,y) 100",(pi^2)*x.^2.*sin(pi*x.*y) + y.^2*pi^2.*sin(pi*x.*y),"@(x,y) sin(10*pi*x.*y)",0
28,1000,1,"@(x,y) 100",(- 3./(4*(x.^2 + y).^(1/2)) - 3*(x.^2 + y).^(1/2) - (3*x.^2)./(x.^2 + y).^(1/2)),"@(x,y) (x.^2+y).^1.5",0
29,1000,2,"@(x,y) 0.1",12*x.^2+12*y.^2,"@(x,y) -x.^4 - y.^4",0
30,1000,2,"@(x,y) 0.1",18*pi^2*cos(3*pi*y).*sin(3*pi*x),"@(x,y) sin(3*pi*x).*cos(3*pi*y)",0
31,1000,2,"@(x,y) 0.1",-3.*x,"@(x,y) x.^3/2 + y",0
32,1000,2,"@(x,y) 0.1",-2*exp(x + y),"@(x,y) exp(x+y)",0
33,1000,2,"@(x,y) 0.1",x.^2.*exp(y).*sin(x.*y) - 2*x.*exp(y).*cos(x.*y) - exp(y).*sin(x.*y) + y.^2.*exp(y).*sin(x.*y),"@(x,y) sin(x.*y).*exp(y)",0
34,1000,2,"@(x,y) 0.1",(pi^2)*x.^2.*sin(pi*x.*y) + y.^2*pi^2.*sin(pi*x.*y),"@(x,y) sin(10*pi*x.*y)",0
35,1000,2,"@(x,y) 0.1",(- 3./(4*(x.^2 + y).^(1/2)) - 3*(x.^2 + y).^(1/2) - (3*x.^2)./(x.^2 + y).^(1/2)),"@(x,y) (x.^2+y).^1.5",0
36,1000,2,"@(x,y) 1",12*x.^2+12*y.^2,"@(x,y) -x.^4 - y.^4",0
37,1000,2,"@(x,y) 1",18*pi^2*cos(3*pi*y).*sin(3*pi*x),"@(x,y) sin(3*pi*x).*cos(3*pi*y)",0
38,1000,2,"@(x,y) 1",-3.*x,"@(x,y) x.^3/2 + y",0
39,1000,2,"@(x,y) 1",-2*exp(x + y),"@(x,y) exp(x+y)",0
40,1000,2,"@(x,y) 1",x.^2.*exp(y).*sin(x.*y) - 2*x.*exp(y).*cos(x.*y) - exp(y).*sin(x.*y) + y.^2.*exp(y).*sin(x.*y),"@(x,y) sin(x.*y).*exp(y)",0
41,1000,2,"@(x,y) 1",(pi^2)*x.^2.*sin(pi*x.*y) + y.^2*pi^2.*sin(pi*x.*y),"@(x,y) sin(10*pi*x.*y)",0
42,1000,2,"@(x,y) 1",(- 3./(4*(x.^2 + y).^(1/2)) - 3*(x.^2 + y).^(1/2) - (3*x.^2)./(x.^2 + y).^(1/2)),"@(x,y) (x.^2+y).^1.5",0
43,1000,2,"@(x,y) 10",12*x.^2+12*y.^2,"@(x,y) -x.^4 - y.^4",0
44,1000,2,"@(x,y) 10",18*pi^2*cos(3*pi*y).*sin(3*pi*x),"@(x,y) sin(3*pi*x).*cos(3*pi*y)",0
45,1000,2,"@(x,y) 10",-3.*x,"@(x,y) x.^3/2 + y",0
46,1000,2,"@(x,y) 10",-2*exp(x + y),"@(x,y) exp(x+y)",0
47,1000,2,"@(x,y) 10",x.^2.*exp(y).*sin(x.*y) - 2*x.*exp(y).*cos(x.*y) - exp(y).*sin(x.*y) + y.^2.*exp(y).*sin(x.*y),"@(x,y) sin(x.*y).*exp(y)",0
48,1000,2,"@(x,y) 10",(pi^2)*x.^2.*sin(pi*x.*y) + y.^2*pi^2.*sin(pi*x.*y),"@(x,y) sin(10*pi*x.*y)",0
49,1000,2,"@(x,y) 10",(- 3./(4*(x.^2 + y).^(1/2)) - 3*(x.^2 + y).^(1/2) - (3*x.^2)./(x.^2 + y).^(1/2)),"@(x,y) (x.^2+y).^1.5",0
50,1000,2,"@(x,y) 100",12*x.^2+12*y.^2,"@(x,y) -x.^4 - y.^4",0
51,1000,2,"@(x,y) 100",18*pi^2*cos(3*pi*y).*sin(3*pi*x),"@(x,y) sin(3*pi*x).*cos(3*pi*y)",0
52,1000,2,"@(x,y) 100",-3.*x,"@(x,y) x.^3/2 + y",0
53,1000,2,"@(x,y) 100",-2*exp(x + y),"@(x,y) exp(x+y)",0
54,1000,2,"@(x,y) 100",x.^2.*exp(y).*sin(x.*y) - 2*x.*exp(y).*cos(x.*y) - exp(y).*sin(x.*y) + y.^2.*exp(y).*sin(x.*y),"@(x,y) sin(x.*y).*exp(y)",0
55,1000,2,"@(x,y) 100",(pi^2)*x.^2.*sin(pi*x.*y) + y.^2*pi^2.*sin(pi*x.*y),"@(x,y) sin(10*pi*x.*y)",0
56,1000,2,"@(x,y) 100",(- 3./(4*(x.^2 + y).^(1/2)) - 3*(x.^2 + y).^(1/2) - (3*x.^2)./(x.^2 + y).^(1/2)),"@(x,y) (x.^2+y).^1.5",0
57,1000,3,"@(x,y) 0.1",12*x.^2+12*y.^2,"@(x,y) -x.^4 - y.^4",0
58,1000,3,"@(x,y) 0.1",18*pi^2*cos(3*pi*y).*sin(3*pi*x),"@(x,y) sin(3*pi*x).*cos(3*pi*y)",0
59,1000,3,"@(x,y) 0.1",-3.*x,"@(x,y) x.^3/2 + y",0
60,1000,3,"@(x,y) 0.1",-2*exp(x + y),"@(x,y) exp(x+y)",0
61,1000,3,"@(x,y) 0.1",x.^2.*exp(y).*sin(x.*y) - 2*x.*exp(y).*cos(x.*y) - exp(y).*sin(x.*y) + y.^2.*exp(y).*sin(x.*y),"@(x,y) sin(x.*y).*exp(y)",0
62,1000,3,"@(x,y) 0.1",(pi^2)*x.^2.*sin(pi*x.*y) + y.^2*pi^2.*sin(pi*x.*y),"@(x,y) sin(10*pi*x.*y)",0
63,1000,3,"@(x,y) 0.1",(- 3./(4*(x.^2 + y).^(1/2)) - 3*(x.^2 + y).^(1/2) - (3*x.^2)./(x.^2 + y).^(1/2)),"@(x,y) (x.^2+y).^1.5",0
64,1000,3,"@(x,y) 1",12*x.^2+12*y.^2,"@(x,y) -x.^4 - y.^4",0
65,1000,3,"@(x,y) 1",18*pi^2*cos(3*pi*y).*sin(3*pi*x),"@(x,y) sin(3*pi*x).*cos(3*pi*y)",0
66,1000,3,"@(x,y) 1",-3.*x,"@(x,y) x.^3/2 + y",0
67,1000,3,"@(x,y) 1",-2*exp(x + y),"@(x,y) exp(x+y)",0
68,1000,3,"@(x,y) 1",x.^2.*exp(y).*sin(x.*y) - 2*x.*exp(y).*cos(x.*y) - exp(y).*sin(x.*y) + y.^2.*exp(y).*sin(x.*y),"@(x,y) sin(x.*y).*exp(y)",0
69,1000,3,"@(x,y) 1",(pi^2)*x.^2.*sin(pi*x.*y) + y.^2*pi^2.*sin(pi*x.*y),"@(x,y) sin(10*pi*x.*y)",0
70,1000,3,"@(x,y) 1",(- 3./(4*(x.^2 + y).^(1/2)) - 3*(x.^2 + y).^(1/2) - (3*x.^2)./(x.^2 + y).^(1/2)),"@(x,y) (x.^2+y).^1.5",0
71,1000,3,"@(x,y) 10",12*x.^2+12*y.^2,"@(x,y) -x.^4 - y.^4",0
72,1000,3,"@(x,y) 10",18*pi^2*cos(3*pi*y).*sin(3*pi*x),"@(x,y) sin(3*pi*x).*cos(3*pi*y)",0
73,1000,3,"@(x,y) 10",-3.*x,"@(x,y) x.^3/2 + y",0
74,1000,3,"@(x,y) 10",-2*exp(x + y),"@(x,y) exp(x+y)",0
75,1000,3,"@(x,y) 10",x.^2.*exp(y).*sin(x.*y) - 2*x.*exp(y).*cos(x.*y) - exp(y).*sin(x.*y) + y.^2.*exp(y).*sin(x.*y),"@(x,y) sin(x.*y).*exp(y)",0
76,1000,3,"@(x,y) 10",(pi^2)*x.^2.*sin(pi*x.*y) + y.^2*pi^2.*sin(pi*x.*y),"@(x,y) sin(10*pi*x.*y)",0
77,1000,3,"@(x,y) 10",(- 3./(4*(x.^2 + y).^(1/2)) - 3*(x.^2 + y).^(1/2) - (3*x.^2)./(x.^2 + y).^(1/2)),"@(x,y) (x.^2+y).^1.5",0
78,1000,3,"@(x,y) 100",12*x.^2+12*y.^2,"@(x,y) -x.^4 - y.^4",0
79,1000,3,"@(x,y) 100",18*pi^2*cos(3*pi*y).*sin(3*pi*x),"@(x,y) sin(3*pi*x).*cos(3*pi*y)",0
80,1000,3,"@(x,y) 100",-3.*x,"@(x,y) x.^3/2 + y",0
81,1000,3,"@(x,y) 100",-2*exp(x + y),"@(x,y) exp(x+y)",0
82,1000,3,"@(x,y) 100",x.^2.*exp(y).*sin(x.*y) - 2*x.*exp(y).*cos(x.*y) - exp(y).*sin(x.*y) + y.^2.*exp(y).*sin(x.*y),"@(x,y) sin(x.*y).*exp(y)",0
83,1000,3,"@(x,y) 100",(pi^2)*x.^2.*sin(pi*x.*y) + y.^2*pi^2.*sin(pi*x.*y),"@(x,y) sin(10*pi*x.*y)",0
84,1000,3,"@(x,y) 100",(- 3./(4*(x.^2 + y).^(1/2)) - 3*(x.^2 + y).^(1/2) - (3*x.^2)./(x.^2 + y).^(1/2)),"@(x,y) (x.^2+y).^1.5",0
85,2000,1,"@(x,y) 0.1",12*x.^2+12*y.^2,"@(x,y) -x.^4 - y.^4",0
86,2000,1,"@(x,y) 0.1",18*pi^2*cos(3*pi*y).*sin(3*pi*x),"@(x,y) sin(3*pi*x).*cos(3*pi*y)",0
87,2000,1,"@(x,y) 0.1",-3.*x,"@(x,y) x.^3/2 + y",0
88,2000,1,"@(x,y) 0.1",-2*exp(x + y),"@(x,y) exp(x+y)",0
89,2000,1,"@(x,y) 0.1",x.^2.*exp(y).*sin(x.*y) - 2*x.*exp(y).*cos(x.*y) - exp(y).*sin(x.*y) + y.^2.*exp(y).*sin(x.*y),"@(x,y) sin(x.*y).*exp(y)",0
90,2000,1,"@(x,y) 0.1",(pi^2)*x.^2.*sin(pi*x.*y) + y.^2*pi^2.*sin(pi*x.*y),"@(x,y) sin(10*pi*x.*y)",0
91,2000,1,"@(x,y) 0.1",(- 3./(4*(x.^2 + y).^(1/2)) - 3*(x.^2 + y).^(1/2) - (3*x.^2)./(x.^2 + y).^(1/2)),"@(x,y) (x.^2+y).^1.5",0
92,2000,1,"@(x,y) 1",12*x.^2+12*y.^2,"@(x,y) -x.^4 - y.^4",0
93,2000,1,"@(x,y) 1",18*pi^2*cos(3*pi*y).*sin(3*pi*x),"@(x,y) sin(3*pi*x).*cos(3*pi*y)",0
94,2000,1,"@(x,y) 1",-3.*x,"@(x,y) x.^3/2 + y",0
95,2000,1,"@(x,y) 1",-2*exp(x + y),"@(x,y) exp(x+y)",0
96,2000,1,"@(x,y) 1",x.^2.*exp(y).*sin(x.*y) - 2*x.*exp(y).*cos(x.*y) - exp(y).*sin(x.*y) + y.^2.*exp(y).*sin(x.*y),"@(x,y) sin(x.*y).*exp(y)",0
97,2000,1,"@(x,y) 1",(pi^2)*x.^2.*sin(pi*x.*y) + y.^2*pi^2.*sin(pi*x.*y),"@(x,y) sin(10*pi*x.*y)",0
98,2000,1,"@(x,y) 1",(- 3./(4*(x.^2 + y).^(1/2)) - 3*(x.^2 + y).^(1/2) - (3*x.^2)./(x.^2 + y).^(1/2)),"@(x,y) (x.^2+y).^1.5",0
99,2000,1,"@(x,y) 10",12*x.^2+12*y.^2,"@(x,y) -x.^4 - y.^4",0
100,2000,1,"@(x,y) 10",18*pi^2*cos(3*pi*y).*sin(3*pi*x),"@(x,y) sin(3*pi*x).*cos(3*pi*y)",0
101,2000,1,"@(x,y) 10",-3.*x,"@(x,y) x.^3/2 + y",0
102,2000,1,"@(x,y) 10",-2*exp(x + y),"@(x,y) exp(x+y)",0
103,2000,1,"@(x,y) 10",x.^2.*exp(y).*sin(x.*y) - 2*x.*exp(y).*cos(x.*y) - exp(y).*sin(x.*y) + y.^2.*exp(y).*sin(x.*y),"@(x,y) sin(x.*y).*exp(y)",0
104,2000,1,"@(x,y) 10",(pi^2)*x.^2.*sin(pi*x.*y) + y.^2*pi^2.*sin(pi*x.*y),"@(x,y) sin(10*pi*x.*y)",0
105,2000,1,"@(x,y) 10",(- 3./(4*(x.^2 + y).^(1/2)) - 3*(x.^2 + y).^(1/2) - (3*x.^2)./(x.^2 + y).^(1/2)),"@(x,y) (x.^2+y).^1.5",0
106,2000,1,"@(x,y) 100",12*x.^2+12*y.^2,"@(x,y) -x.^4 - y.^4",0
107,2000,1,"@(x,y) 100",18*pi^2*cos(3*pi*y).*sin(3*pi*x),"@(x,y) sin(3*pi*x).*cos(3*pi*y)",0
108,2000,1,"@(x,y) 100",-3.*x,"@(x,y) x.^3/2 + y",0
109,2000,1,"@(x,y) 100",-2*exp(x + y),"@(x,y) exp(x+y)",0
110,2000,1,"@(x,y) 100",x.^2.*exp(y).*sin(x.*y) - 2*x.*exp(y).*cos(x.*y) - exp(y).*sin(x.*y) + y.^2.*exp(y).*sin(x.*y),"@(x,y) sin(x.*y).*exp(y)",0
111,2000,1,"@(x,y) 100",(pi^2)*x.^2.*sin(pi*x.*y) + y.^2*pi^2.*sin(pi*x.*y),"@(x,y) sin(10*pi*x.*y)",0
112,2000,1,"@(x,y) 100",(- 3./(4*(x.^2 + y).^(1/2)) - 3*(x.^2 + y).^(1/2) - (3*x.^2)./(x.^2 + y).^(1/2)),"@(x,y) (x.^2+y).^1.5",0
113,2000,2,"@(x,y) 0.1",12*x.^2+12*y.^2,"@(x,y) -x.^4 - y.^4",0
114,2000,2,"@(x,y) 0.1",18*pi^2*cos(3*pi*y).*sin(3*pi*x),"@(x,y) sin(3*pi*x).*cos(3*pi*y)",0
115,2000,2,"@(x,y) 0.1",-3.*x,"@(x,y) x.^3/2 + y",0
116,2000,2,"@(x,y) 0.1",-2*exp(x + y),"@(x,y) exp(x+y)",0
117,2000,2,"@(x,y) 0.1",x.^2.*exp(y).*sin(x.*y) - 2*x.*exp(y).*cos(x.*y) - exp(y).*sin(x.*y) + y.^2.*exp(y).*sin(x.*y),"@(x,y) sin(x.*y).*exp(y)",0
118,2000,2,"@(x,y) 0.1",(pi^2)*x.^2.*sin(pi*x.*y) + y.^2*pi^2.*sin(pi*x.*y),"@(x,y) sin(10*pi*x.*y)",0
119,2000,2,"@(x,y) 0.1",(- 3./(4*(x.^2 + y).^(1/2)) - 3*(x.^2 + y).^(1/2) - (3*x.^2)./(x.^2 + y).^(1/2)),"@(x,y) (x.^2+y).^1.5",0
120,2000,2,"@(x,y) 1",12*x.^2+12*y.^2,"@(x,y) -x.^4 - y.^4",0
121,2000,2,"@(x,y) 1",18*pi^2*cos(3*pi*y).*sin(3*pi*x),"@(x,y) sin(3*pi*x).*cos(3*pi*y)",0
122,2000,2,"@(x,y) 1",-3.*x,"@(x,y) x.^3/2 + y",0
123,2000,2,"@(x,y) 1",-2*exp(x + y),"@(x,y) exp(x+y)",0
124,2000,2,"@(x,y) 1",x.^2.*exp(y).*sin(x.*y) - 2*x.*exp(y).*cos(x.*y) - exp(y).*sin(x.*y) + y.^2.*exp(y).*sin(x.*y),"@(x,y) sin(x.*y).*exp(y)",0
125,2000,2,"@(x,y) 1",(pi^2)*x.^2.*sin(pi*x.*y) + y.^2*pi^2.*sin(pi*x.*y),"@(x,y) sin(10*pi*x.*y)",0
126,2000,2,"@(x,y) 1",(- 3./(4*(x.^2 + y).^(1/2)) - 3*(x.^2 + y).^(1/2) - (3*x.^2)./(x.^2 + y).^(1/2)),"@(x,y) (x.^2+y).^1.5",0
127,2000,2,"@(x,y) 10",12*x.^2+12*y.^2,"@(x,y) -x.^4 - y.^4",0
128,2000,2,"@(x,y) 10",18*pi^2*cos(3*pi*y).*sin(3*pi*x),"@(x,y) sin(3*pi*x).*cos(3*pi*y)",0
129,2000,2,"@(x,y) 10",-3.*x,"@(x,y) x.^3/2 + y",0
130,2000,2,"@(x,y) 10",-2*exp(x + y),"@(x,y) exp(x+y)",0
131,2000,2,"@(x,y) 10",x.^2.*exp(y).*sin(x.*y) - 2*x.*exp(y).*cos(x.*y) - exp(y).*sin(x.*y) + y.^2.*exp(y).*sin(x.*y),"@(x,y) sin(x.*y).*exp(y)",0
132,2000,2,"@(x,y) 10",(pi^2)*x.^2.*sin(pi*x.*y) + y.^2*pi^2.*sin(pi*x.*y),"@(x,y) sin(10*pi*x.*y)",0
133,2000,2,"@(x,y) 10",(- 3./(4*(x.^2 + y).^(1/2)) - 3*(x.^2 + y).^(1/2) - (3*x.^2)./(x.^2 + y).^(1/2)),"@(x,y) (x.^2+y).^1.5",0
134,2000,2,"@(x,y) 100",12*x.^2+12*y.^2,"@(x,y) -x.^4 - y.^4",0
135,2000,2,"@(x,y) 100",18*pi^2*cos(3*pi*y).*sin(3*pi*x),"@(x,y) sin(3*pi*x).*cos(3*pi*y)",0
136,2000,2,"@(x,y) 100",-3.*x,"@(x,y) x.^3/2 + y",0
137,2000,2,"@(x,y) 100",-2*exp(x + y),"@(x,y) exp(x+y)",0
138,2000,2,"@(x,y) 100",x.^2.*exp(y).*sin(x.*y) - 2*x.*exp(y).*cos(x.*y) - exp(y).*sin(x.*y) + y.^2.*exp(y).*sin(x.*y),"@(x,y) sin(x.*y).*exp(y)",0
139,2000,2,"@(x,y) 100",(pi^2)*x.^2.*sin(pi*x.*y) + y.^2*pi^2.*sin(pi*x.*y),"@(x,y) sin(10*pi*x.*y)",0
140,2000,2,"@(x,y) 100",(- 3./(4*(x.^2 + y).^(1/2)) - 3*(x.^2 + y).^(1/2) - (3*x.^2)./(x.^2 + y).^(1/2)),"@(x,y) (x.^2+y).^1.5",0
141,2000,3,"@(x,y) 0.1",12*x.^2+12*y.^2,"@(x,y) -x.^4 - y.^4",0
142,2000,3,"@(x,y) 0.1",18*pi^2*cos(3*pi*y).*sin(3*pi*x),"@(x,y) sin(3*pi*x).*cos(3*pi*y)",0
143,2000,3,"@(x,y) 0.1",-3.*x,"@(x,y) x.^3/2 + y",0
144,2000,3,"@(x,y) 0.1",-2*exp(x + y),"@(x,y) exp(x+y)",0
145,2000,3,"@(x,y) 0.1",x.^2.*exp(y).*sin(x.*y) - 2*x.*exp(y).*cos(x.*y) - exp(y).*sin(x.*y) + y.^2.*exp(y).*sin(x.*y),"@(x,y) sin(x.*y).*exp(y)",0
146,2000,3,"@(x,y) 0.1",(pi^2)*x.^2.*sin(pi*x.*y) + y.^2*pi^2.*sin(pi*x.*y),"@(x,y) sin(10*pi*x.*y)",0
147,2000,3,"@(x,y) 0.1",(- 3./(4*(x.^2 + y).^(1/2)) - 3*(x.^2 + y).^(1/2) - (3*x.^2)./(x.^2 + y).^(1/2)),"@(x,y) (x.^2+y).^1.5",0
148,2000,3,"@(x,y) 1",12*x.^2+12*y.^2,"@(x,y) -x.^4 - y.^4",0
149,2000,3,"@(x,y) 1",18*pi^2*cos(3*pi*y).*sin(3*pi*x),"@(x,y) sin(3*pi*x).*cos(3*pi*y)",0
150,2000,3,"@(x,y) 1",-3.*x,"@(x,y) x.^3/2 + y",0
151,2000,3,"@(x,y) 1",-2*exp(x + y),"@(x,y) exp(x+y)",0
152,2000,3,"@(x,y) 1",x.^2.*exp(y).*sin(x.*y) - 2*x.*exp(y).*cos(x.*y) - exp(y).*sin(x.*y) + y.^2.*exp(y).*sin(x.*y),"@(x,y) sin(x.*y).*exp(y)",0
153,2000,3,"@(x,y) 1",(pi^2)*x.^2.*sin(pi*x.*y) + y.^2*pi^2.*sin(pi*x.*y),"@(x,y) sin(10*pi*x.*y)",0
154,2000,3,"@(x,y) 1",(- 3./(4*(x.^2 + y).^(1/2)) - 3*(x.^2 + y).^(1/2) - (3*x.^2)./(x.^2 + y).^(1/2)),"@(x,y) (x.^2+y).^1.5",0
155,2000,3,"@(x,y) 10",12*x.^2+12*y.^2,"@(x,y) -x.^4 - y.^4",0
156,2000,3,"@(x,y) 10",18*pi^2*cos(3*pi*y).*sin(3*pi*x),"@(x,y) sin(3*pi*x).*cos(3*pi*y)",0
157,2000,3,"@(x,y) 10",-3.*x,"@(x,y) x.^3/2 + y",0
158,2000,3,"@(x,y) 10",-2*exp(x + y),"@(x,y) exp(x+y)",0
159,2000,3,"@(x,y) 10",x.^2.*exp(y).*sin(x.*y) - 2*x.*exp(y).*cos(x.*y) - exp(y).*sin(x.*y) + y.^2.*exp(y).*sin(x.*y),"@(x,y) sin(x.*y).*exp(y)",0
160,2000,3,"@(x,y) 10",(pi^2)*x.^2.*sin(pi*x.*y) + y.^2*pi^2.*sin(pi*x.*y),"@(x,y) sin(10*pi*x.*y)",0
161,2000,3,"@(x,y) 10",(- 3./(4*(x.^2 + y).^(1/2)) - 3*(x.^2 + y).^(1/2) - (3*x.^2)./(x.^2 + y).^(1/2)),"@(x,y) (x.^2+y).^1.5",0
162,2000,3,"@(x,y) 100",12*x.^2+12*y.^2,"@(x,y) -x.^4 - y.^4",0
163,2000,3,"@(x,y) 100",18*pi^2*cos(3*pi*y).*sin(3*pi*x),"@(x,y) sin(3*pi*x).*cos(3*pi*y)",0
164,2000,3,"@(x,y) 100",-3.*x,"@(x,y) x.^3/2 + y",0
165,2000,3,"@(x,y) 100",-2*exp(x + y),"@(x,y) exp(x+y)",0
166,2000,3,"@(x,y) 100",x.^2.*exp(y).*sin(x.*y) - 2*x.*exp(y).*cos(x.*y) - exp(y).*sin(x.*y) + y.^2.*exp(y).*sin(x.*y),"@(x,y) sin(x.*y).*exp(y)",0
167,2000,3,"@(x,y) 100",(pi^2)*x.^2.*sin(pi*x.*y) + y.^2*pi^2.*sin(pi*x.*y),"@(x,y) sin(10*pi*x.*y)",0
168,2000,3,"@(x,y) 100",(- 3./(4*(x.^2 + y).^(1/2)) - 3*(x.^2 + y).^(1/2) - (3*x.^2)./(x.^2 + y).^(1/2)),"@(x,y) (x.^2+y).^1.5",0
169,3000,1,"@(x,y) 0.1",12*x.^2+12*y.^2,"@(x,y) -x.^4 - y.^4",0
170,3000,1,"@(x,y) 0.1",18*pi^2*cos(3*pi*y).*sin(3*pi*x),"@(x,y) sin(3*pi*x).*cos(3*pi*y)",0
171,3000,1,"@(x,y) 0.1",-3.*x,"@(x,y) x.^3/2 + y",0
172,3000,1,"@(x,y) 0.1",-2*exp(x + y),"@(x,y) exp(x+y)",0
173,3000,1,"@(x,y) 0.1",x.^2.*exp(y).*sin(x.*y) - 2*x.*exp(y).*cos(x.*y) - exp(y).*sin(x.*y) + y.^2.*exp(y).*sin(x.*y),"@(x,y) sin(x.*y).*exp(y)",0
174,3000,1,"@(x,y) 0.1",(pi^2)*x.^2.*sin(pi*x.*y) + y.^2*pi^2.*sin(pi*x.*y),"@(x,y) sin(10*pi*x.*y)",0
175,3000,1,"@(x,y) 0.1",(- 3./(4*(x.^2 + y).^(1/2)) - 3*(x.^2 + y).^(1/2) - (3*x.^2)./(x.^2 + y).^(1/2)),"@(x,y) (x.^2+y).^1.5",0
176,3000,1,"@(x,y) 1",12*x.^2+12*y.^2,"@(x,y) -x.^4 - y.^4",0
177,3000,1,"@(x,y) 1",18*pi^2*cos(3*pi*y).*sin(3*pi*x),"@(x,y) sin(3*pi*x).*cos(3*pi*y)",0
178,3000,1,"@(x,y) 1",-3.*x,"@(x,y) x.^3/2 + y",0
179,3000,1,"@(x,y) 1",-2*exp(x + y),"@(x,y) exp(x+y)",0
180,3000,1,"@(x,y) 1",x.^2.*exp(y).*sin(x.*y) - 2*x.*exp(y).*cos(x.*y) - exp(y).*sin(x.*y) + y.^2.*exp(y).*sin(x.*y),"@(x,y) sin(x.*y).*exp(y)",0
181,3000,1,"@(x,y) 1",(pi^2)*x.^2.*sin(pi*x.*y) + y.^2*pi^2.*sin(pi*x.*y),"@(x,y) sin(10*pi*x.*y)",0
182,3000,1,"@(x,y) 1",(- 3./(4*(x.^2 + y).^(1/2)) - 3*(x.^2 + y).^(1/2) - (3*x.^2)./(x.^2 + y).^(1/2)),"@(x,y) (x.^2+y).^1.5",0
183,3000,1,"@(x,y) 10",12*x.^2+12*y.^2,"@(x,y) -x.^4 - y.^4",0
184,3000,1,"@(x,y) 10",18*pi^2*cos(3*pi*y).*sin(3*pi*x),"@(x,y) sin(3*pi*x).*cos(3*pi*y)",0
185,3000,1,"@(x,y) 10",-3.*x,"@(x,y) x.^3/2 + y",0
186,3000,1,"@(x,y) 10",-2*exp(x + y),"@(x,y) exp(x+y)",0
187,3000,1,"@(x,y) 10",x.^2.*exp(y).*sin(x.*y) - 2*x.*exp(y).*cos(x.*y) - exp(y).*sin(x.*y) + y.^2.*exp(y).*sin(x.*y),"@(x,y) sin(x.*y).*exp(y)",0
188,3000,1,"@(x,y) 10",(pi^2)*x.^2.*sin(pi*x.*y) + y.^2*pi^2.*sin(pi*x.*y),"@(x,y) sin(10*pi*x.*y)",0
189,3000,1,"@(x,y) 10",(- 3./(4*(x.^2 + y).^(1/2)) - 3*(x.^2 + y).^(1/2) - (3*x.^2)./(x.^2 + y).^(1/2)),"@(x,y) (x.^2+y).^1.5",0
190,3000,1,"@(x,y) 100",12*x.^2+12*y.^2,"@(x,y) -x.^4 - y.^4",0
191,3000,1,"@(x,y) 100",18*pi^2*cos(3*pi*y).*sin(3*pi*x),"@(x,y) sin(3*pi*x).*cos(3*pi*y)",0
192,3000,1,"@(x,y) 100",-3.*x,"@(x,y) x.^3/2 + y",0
193,3000,1,"@(x,y) 100",-2*exp(x + y),"@(x,y) exp(x+y)",0
194,3000,1,"@(x,y) 100",x.^2.*exp(y).*sin(x.*y) - 2*x.*exp(y).*cos(x.*y) - exp(y).*sin(x.*y) + y.^2.*exp(y).*sin(x.*y),"@(x,y) sin(x.*y).*exp(y)",0
195,3000,1,"@(x,y) 100",(pi^2)*x.^2.*sin(pi*x.*y) + y.^2*pi^2.*sin(pi*x.*y),"@(x,y) sin(10*pi*x.*y)",0
196,3000,1,"@(x,y) 100",(- 3./(4*(x.^2 + y).^(1/2)) - 3*(x.^2 + y).^(1/2) - (3*x.^2)./(x.^2 + y).^(1/2)),"@(x,y) (x.^2+y).^1.5",0
197,3000,2,"@(x,y) 0.1",12*x.^2+12*y.^2,"@(x,y) -x.^4 - y.^4",0
198,3000,2,"@(x,y) 0.1",18*pi^2*cos(3*pi*y).*sin(3*pi*x),"@(x,y) sin(3*pi*x).*cos(3*pi*y)",0
199,3000,2,"@(x,y) 0.1",-3.*x,"@(x,y) x.^3/2 + y",0
200,3000,2,"@(x,y) 0.1",-2*exp(x + y),"@(x,y) exp(x+y)",0
201,3000,2,"@(x,y) 0.1",x.^2.*exp(y).*sin(x.*y) - 2*x.*exp(y).*cos(x.*y) - exp(y).*sin(x.*y) + y.^2.*exp(y).*sin(x.*y),"@(x,y) sin(x.*y).*exp(y)",0
202,3000,2,"@(x,y) 0.1",(pi^2)*x.^2.*sin(pi*x.*y) + y.^2*pi^2.*sin(pi*x.*y),"@(x,y) sin(10*pi*x.*y)",0
203,3000,2,"@(x,y) 0.1",(- 3./(4*(x.^2 + y).^(1/2)) - 3*(x.^2 + y).^(1/2) - (3*x.^2)./(x.^2 + y).^(1/2)),"@(x,y) (x.^2+y).^1.5",0
204,3000,2,"@(x,y) 1",12*x.^2+12*y.^2,"@(x,y) -x.^4 - y.^4",0
205,3000,2,"@(x,y) 1",18*pi^2*cos(3*pi*y).*sin(3*pi*x),"@(x,y) sin(3*pi*x).*cos(3*pi*y)",0
206,3000,2,"@(x,y) 1",-3.*x,"@(x,y) x.^3/2 + y",0
207,3000,2,"@(x,y) 1",-2*exp(x + y),"@(x,y) exp(x+y)",0
208,3000,2,"@(x,y) 1",x.^2.*exp(y).*sin(x.*y) - 2*x.*exp(y).*cos(x.*y) - exp(y).*sin(x.*y) + y.^2.*exp(y).*sin(x.*y),"@(x,y) sin(x.*y).*exp(y)",0
209,3000,2,"@(x,y) 1",(pi^2)*x.^2.*sin(pi*x.*y) + y.^2*pi^2.*sin(pi*x.*y),"@(x,y) sin(10*pi*x.*y)",0
210,3000,2,"@(x,y) 1",(- 3./(4*(x.^2 + y).^(1/2)) - 3*(x.^2 + y).^(1/2) - (3*x.^2)./(x.^2 + y).^(1/2)),"@(x,y) (x.^2+y).^1.5",0
211,3000,2,"@(x,y) 10",12*x.^2+12*y.^2,"@(x,y) -x.^4 - y.^4",0
212,3000,2,"@(x,y) 10",18*pi^2*cos(3*pi*y).*sin(3*pi*x),"@(x,y) sin(3*pi*x).*cos(3*pi*y)",0
213,3000,2,"@(x,y) 10",-3.*x,"@(x,y) x.^3/2 + y",0
214,3000,2,"@(x,y) 10",-2*exp(x + y),"@(x,y) exp(x+y)",0
215,3000,2,"@(x,y) 10",x.^2.*exp(y).*sin(x.*y) - 2*x.*exp(y).*cos(x.*y) - exp(y).*sin(x.*y) + y.^2.*exp(y).*sin(x.*y),"@(x,y) sin(x.*y).*exp(y)",0
216,3000,2,"@(x,y) 10",(pi^2)*x.^2.*sin(pi*x.*y) + y.^2*pi^2.*sin(pi*x.*y),"@(x,y) sin(10*pi*x.*y)",0
217,3000,2,"@(x,y) 10",(- 3./(4*(x.^2 + y).^(1/2)) - 3*(x.^2 + y).^(1/2) - (3*x.^2)./(x.^2 + y).^(1/2)),"@(x,y) (x.^2+y).^1.5",0
218,3000,2,"@(x,y) 100",12*x.^2+12*y.^2,"@(x,y) -x.^4 - y.^4",0
219,3000,2,"@(x,y) 100",18*pi^2*cos(3*pi*y).*sin(3*pi*x),"@(x,y) sin(3*pi*x).*cos(3*pi*y)",0
220,3000,2,"@(x,y) 100",-3.*x,"@(x,y) x.^3/2 + y",0
221,3000,2,"@(x,y) 100",-2*exp(x + y),"@(x,y) exp(x+y)",0
222,3000,2,"@(x,y) 100",x.^2.*exp(y).*sin(x.*y) - 2*x.*exp(y).*cos(x.*y) - exp(y).*sin(x.*y) + y.^2.*exp(y).*sin(x.*y),"@(x,y) sin(x.*y).*exp(y)",0
223,3000,2,"@(x,y) 100",(pi^2)*x.^2.*sin(pi*x.*y) + y.^2*pi^2.*sin(pi*x.*y),"@(x,y) sin(10*pi*x.*y)",0
224,3000,2,"@(x,y) 100",(- 3./(4*(x.^2 + y).^(1/2)) - 3*(x.^2 + y).^(1/2) - (3*x.^2)./(x.^2 + y).^(1/2)),"@(x,y) (x.^2+y).^1.5",0
225,3000,3,"@(x,y) 0.1",12*x.^2+12*y.^2,"@(x,y) -x.^4 - y.^4",0
226,3000,3,"@(x,y) 0.1",18*pi^2*cos(3*pi*y).*sin(3*pi*x),"@(x,y) sin(3*pi*x).*cos(3*pi*y)",0
227,3000,3,"@(x,y) 0.1",-3.*x,"@(x,y) x.^3/2 + y",0
228,3000,3,"@(x,y) 0.1",-2*exp(x + y),"@(x,y) exp(x+y)",0
229,3000,3,"@(x,y) 0.1",x.^2.*exp(y).*sin(x.*y) - 2*x.*exp(y).*cos(x.*y) - exp(y).*sin(x.*y) + y.^2.*exp(y).*sin(x.*y),"@(x,y) sin(x.*y).*exp(y)",0
230,3000,3,"@(x,y) 0.1",(pi^2)*x.^2.*sin(pi*x.*y) + y.^2*pi^2.*sin(pi*x.*y),"@(x,y) sin(10*pi*x.*y)",0
231,3000,3,"@(x,y) 0.1",(- 3./(4*(x.^2 + y).^(1/2)) - 3*(x.^2 + y).^(1/2) - (3*x.^2)./(x.^2 + y).^(1/2)),"@(x,y) (x.^2+y).^1.5",0
232,3000,3,"@(x,y) 1",12*x.^2+12*y.^2,"@(x,y) -x.^4 - y.^4",0
233,3000,3,"@(x,y) 1",18*pi^2*cos(3*pi*y).*sin(3*pi*x),"@(x,y) sin(3*pi*x).*cos(3*pi*y)",0
234,3000,3,"@(x,y) 1",-3.*x,"@(x,y) x.^3/2 + y",0
235,3000,3,"@(x,y) 1",-2*exp(x + y),"@(x,y) exp(x+y)",0
236,3000,3,"@(x,y) 1",x.^2.*exp(y).*sin(x.*y) - 2*x.*exp(y).*cos(x.*y) - exp(y).*sin(x.*y) + y.^2.*exp(y).*sin(x.*y),"@(x,y) sin(x.*y).*exp(y)",0
237,3000,3,"@(x,y) 1",(pi^2)*x.^2.*sin(pi*x.*y) + y.^2*pi^2.*sin(pi*x.*y),"@(x,y) sin(10*pi*x.*y)",0
238,3000,3,"@(x,y) 1",(- 3./(4*(x.^2 + y).^(1/2)) - 3*(x.^2 + y).^(1/2) - (3*x.^2)./(x.^2 + y).^(1/2)),"@(x,y) (x.^2+y).^1.5",0
239,3000,3,"@(x,y) 10",12*x.^2+12*y.^2,"@(x,y) -x.^4 - y.^4",0
240,3000,3,"@(x,y) 10",18*pi^2*cos(3*pi*y).*sin(3*pi*x),"@(x,y) sin(3*pi*x).*cos(3*pi*y)",0
241,3000,3,"@(x,y) 10",-3.*x,"@(x,y) x.^3/2 + y",0
242,3000,3,"@(x,y) 10",-2*exp(x + y),"@(x,y) exp(x+y)",0
243,3000,3,"@(x,y) 10",x.^2.*exp(y).*sin(x.*y) - 2*x.*exp(y).*cos(x.*y) - exp(y).*sin(x.*y) + y.^2.*exp(y).*sin(x.*y),"@(x,y) sin(x.*y).*exp(y)",0
244,3000,3,"@(x,y) 10",(pi^2)*x.^2.*sin(pi*x.*y) + y.^2*pi^2.*sin(pi*x.*y),"@(x,y) sin(10*pi*x.*y)",0
245,3000,3,"@(x,y) 10",(- 3./(4*(x.^2 + y).^(1/2)) - 3*(x.^2 + y).^(1/2) - (3*x.^2)./(x.^2 + y).^(1/2)),"@(x,y) (x.^2+y).^1.5",0
246,3000,3,"@(x,y) 100",12*x.^2+12*y.^2,"@(x,y) -x.^4 - y.^4",0
247,3000,3,"@(x,y) 100",18*pi^2*cos(3*pi*y).*sin(3*pi*x),"@(x,y) sin(3*pi*x).*cos(3*pi*y)",0
248,3000,3,"@(x,y) 100",-3.*x,"@(x,y) x.^3/2 + y",0
249,3000,3,"@(x,y) 100",-2*exp(x + y),"@(x,y) exp(x+y)",0
250,3000,3,"@(x,y) 100",x.^2.*exp(y).*sin(x.*y) - 2*x.*exp(y).*cos(x.*y) - exp(y).*sin(x.*y) + y.^2.*exp(y).*sin(x.*y),"@(x,y) sin(x.*y).*exp(y)",0
251,3000,3,"@(x,y) 100",(pi^2)*x.^2.*sin(pi*x.*y) + y.^2*pi^2.*sin(pi*x.*y),"@(x,y) sin(10*pi*x.*y)",0
252,3000,3,"@(x,y) 100",(- 3./(4*(x.^2 + y).^(1/2)) - 3*(x.^2 + y).^(1/2) - (3*x.^2)./(x.^2 + y).^(1/2)),"@(x,y) (x.^2+y).^1.5",0
253,4000,1,"@(x,y) 0.1",12*x.^2+12*y.^2,"@(x,y) -x.^4 - y.^4",0
254,4000,1,"@(x,y) 0.1",18*pi^2*cos(3*pi*y).*sin(3*pi*x),"@(x,y) sin(3*pi*x).*cos(3*pi*y)",0
255,4000,1,"@(x,y) 0.1",-3.*x,"@(x,y) x.^3/2 + y",0
256,4000,1,"@(x,y) 0.1",-2*exp(x + y),"@(x,y) exp(x+y)",0
257,4000,1,"@(x,y) 0.1",x.^2.*exp(y).*sin(x.*y) - 2*x.*exp(y).*cos(x.*y) - exp(y).*sin(x.*y) + y.^2.*exp(y).*sin(x.*y),"@(x,y) sin(x.*y).*exp(y)",0
258,4000,1,"@(x,y) 0.1",(pi^2)*x.^2.*sin(pi*x.*y) + y.^2*pi^2.*sin(pi*x.*y),"@(x,y) sin(10*pi*x.*y)",0
259,4000,1,"@(x,y) 0.1",(- 3./(4*(x.^2 + y).^(1/2)) - 3*(x.^2 + y).^(1/2) - (3*x.^2)./(x.^2 + y).^(1/2)),"@(x,y) (x.^2+y).^1.5",0
260,4000,1,"@(x,y) 1",12*x.^2+12*y.^2,"@(x,y) -x.^4 - y.^4",0
261,4000,1,"@(x,y) 1",18*pi^2*cos(3*pi*y).*sin(3*pi*x),"@(x,y) sin(3*pi*x).*cos(3*pi*y)",0
262,4000,1,"@(x,y) 1",-3.*x,"@(x,y) x.^3/2 + y",0
263,4000,1,"@(x,y) 1",-2*exp(x + y),"@(x,y) exp(x+y)",0
264,4000,1,"@(x,y) 1",x.^2.*exp(y).*sin(x.*y) - 2*x.*exp(y).*cos(x.*y) - exp(y).*sin(x.*y) + y.^2.*exp(y).*sin(x.*y),"@(x,y) sin(x.*y).*exp(y)",0
265,4000,1,"@(x,y) 1",(pi^2)*x.^2.*sin(pi*x.*y) + y.^2*pi^2.*sin(pi*x.*y),"@(x,y) sin(10*pi*x.*y)",0
266,4000,1,"@(x,y) 1",(- 3./(4*(x.^2 + y).^(1/2)) - 3*(x.^2 + y).^(1/2) - (3*x.^2)./(x.^2 + y).^(1/2)),"@(x,y) (x.^2+y).^1.5",0
267,4000,1,"@(x,y) 10",12*x.^2+12*y.^2,"@(x,y) -x.^4 - y.^4",0
268,4000,1,"@(x,y) 10",18*pi^2*cos(3*pi*y).*sin(3*pi*x),"@(x,y) sin(3*pi*x).*cos(3*pi*y)",0
269,4000,1,"@(x,y) 10",-3.*x,"@(x,y) x.^3/2 + y",0
270,4000,1,"@(x,y) 10",-2*exp(x + y),"@(x,y) exp(x+y)",0
271,4000,1,"@(x,y) 10",x.^2.*exp(y).*sin(x.*y) - 2*x.*exp(y).*cos(x.*y) - exp(y).*sin(x.*y) + y.^2.*exp(y).*sin(x.*y),"@(x,y) sin(x.*y).*exp(y)",0
272,4000,1,"@(x,y) 10",(pi^2)*x.^2.*sin(pi*x.*y) + y.^2*pi^2.*sin(pi*x.*y),"@(x,y) sin(10*pi*x.*y)",0
273,4000,1,"@(x,y) 10",(- 3./(4*(x.^2 + y).^(1/2)) - 3*(x.^2 + y).^(1/2) - (3*x.^2)./(x.^2 + y).^(1/2)),"@(x,y) (x.^2+y).^1.5",0
274,4000,1,"@(x,y) 100",12*x.^2+12*y.^2,"@(x,y) -x.^4 - y.^4",0
275,4000,1,"@(x,y) 100",18*pi^2*cos(3*pi*y).*sin(3*pi*x),"@(x,y) sin(3*pi*x).*cos(3*pi*y)",0
276,4000,1,"@(x,y) 100",-3.*x,"@(x,y) x.^3/2 + y",0
277,4000,1,"@(x,y) 100",-2*exp(x + y),"@(x,y) exp(x+y)",0
278,4000,1,"@(x,y) 100",x.^2.*exp(y).*sin(x.*y) - 2*x.*exp(y).*cos(x.*y) - exp(y).*sin(x.*y) + y.^2.*exp(y).*sin(x.*y),"@(x,y) sin(x.*y).*exp(y)",0
279,4000,1,"@(x,y) 100",(pi^2)*x.^2.*sin(pi*x.*y) + y.^2*pi^2.*sin(pi*x.*y),"@(x,y) sin(10*pi*x.*y)",0
280,4000,1,"@(x,y) 100",(- 3./(4*(x.^2 + y).^(1/2)) - 3*(x.^2 + y).^(1/2) - (3*x.^2)./(x.^2 + y).^(1/2)),"@(x,y) (x.^2+y).^1.5",0
281,4000,2,"@(x,y) 0.1",12*x.^2+12*y.^2,"@(x,y) -x.^4 - y.^4",0
282,4000,2,"@(x,y) 0.1",18*pi^2*cos(3*pi*y).*sin(3*pi*x),"@(x,y) sin(3*pi*x).*cos(3*pi*y)",0
283,4000,2,"@(x,y) 0.1",-3.*x,"@(x,y) x.^3/2 + y",0
284,4000,2,"@(x,y) 0.1",-2*exp(x + y),"@(x,y) exp(x+y)",0
285,4000,2,"@(x,y) 0.1",x.^2.*exp(y).*sin(x.*y) - 2*x.*exp(y).*cos(x.*y) - exp(y).*sin(x.*y) + y.^2.*exp(y).*sin(x.*y),"@(x,y) sin(x.*y).*exp(y)",0
286,4000,2,"@(x,y) 0.1",(pi^2)*x.^2.*sin(pi*x.*y) + y.^2*pi^2.*sin(pi*x.*y),"@(x,y) sin(10*pi*x.*y)",0
287,4000,2,"@(x,y) 0.1",(- 3./(4*(x.^2 + y).^(1/2)) - 3*(x.^2 + y).^(1/2) - (3*x.^2)./(x.^2 + y).^(1/2)),"@(x,y) (x.^2+y).^1.5",0
288,4000,2,"@(x,y) 1",12*x.^2+12*y.^2,"@(x,y) -x.^4 - y.^4",0
289,4000,2,"@(x,y) 1",18*pi^2*cos(3*pi*y).*sin(3*pi*x),"@(x,y) sin(3*pi*x).*cos(3*pi*y)",0
290,4000,2,"@(x,y) 1",-3.*x,"@(x,y) x.^3/2 + y",0
291,4000,2,"@(x,y) 1",-2*exp(x + y),"@(x,y) exp(x+y)",0
292,4000,2,"@(x,y) 1",x.^2.*exp(y).*sin(x.*y) - 2*x.*exp(y).*cos(x.*y) - exp(y).*sin(x.*y) + y.^2.*exp(y).*sin(x.*y),"@(x,y) sin(x.*y).*exp(y)",0
293,4000,2,"@(x,y) 1",(pi^2)*x.^2.*sin(pi*x.*y) + y.^2*pi^2.*sin(pi*x.*y),"@(x,y) sin(10*pi*x.*y)",0
294,4000,2,"@(x,y) 1",(- 3./(4*(x.^2 + y).^(1/2)) - 3*(x.^2 + y).^(1/2) - (3*x.^2)./(x.^2 + y).^(1/2)),"@(x,y) (x.^2+y).^1.5",0
295,4000,2,"@(x,y) 10",12*x.^2+12*y.^2,"@(x,y) -x.^4 - y.^4",0
296,4000,2,"@(x,y) 10",18*pi^2*cos(3*pi*y).*sin(3*pi*x),"@(x,y) sin(3*pi*x).*cos(3*pi*y)",0
297,4000,2,"@(x,y) 10",-3.*x,"@(x,y) x.^3/2 + y",0
298,4000,2,"@(x,y) 10",-2*exp(x + y),"@(x,y) exp(x+y)",0
299,4000,2,"@(x,y) 10",x.^2.*exp(y).*sin(x.*y) - 2*x.*exp(y).*cos(x.*y) - exp(y).*sin(x.*y) + y.^2.*exp(y).*sin(x.*y),"@(x,y) sin(x.*y).*exp(y)",0
300,4000,2,"@(x,y) 10",(pi^2)*x.^2.*sin(pi*x.*y) + y.^2*pi^2.*sin(pi*x.*y),"@(x,y) sin(10*pi*x.*y)",0
301,4000,2,"@(x,y) 10",(- 3./(4*(x.^2 + y).^(1/2)) - 3*(x.^2 + y).^(1/2) - (3*x.^2)./(x.^2 + y).^(1/2)),"@(x,y) (x.^2+y).^1.5",0
302,4000,2,"@(x,y) 100",12*x.^2+12*y.^2,"@(x,y) -x.^4 - y.^4",0
303,4000,2,"@(x,y) 100",18*pi^2*cos(3*pi*y).*sin(3*pi*x),"@(x,y) sin(3*pi*x).*cos(3*pi*y)",0
304,4000,2,"@(x,y) 100",-3.*x,"@(x,y) x.^3/2 + y",0
305,4000,2,"@(x,y) 100",-2*exp(x + y),"@(x,y) exp(x+y)",0
306,4000,2,"@(x,y) 100",x.^2.*exp(y).*sin(x.*y) - 2*x.*exp(y).*cos(x.*y) - exp(y).*sin(x.*y) + y.^2.*exp(y).*sin(x.*y),"@(x,y) sin(x.*y).*exp(y)",0
307,4000,2,"@(x,y) 100",(pi^2)*x.^2.*sin(pi*x.*y) + y.^2*pi^2.*sin(pi*x.*y),"@(x,y) sin(10*pi*x.*y)",0
308,4000,2,"@(x,y) 100",(- 3./(4*(x.^2 + y).^(1/2)) - 3*(x.^2 + y).^(1/2) - (3*x.^2)./(x.^2 + y).^(1/2)),"@(x,y) (x.^2+y).^1.5",0
309,4000,3,"@(x,y) 0.1",12*x.^2+12*y.^2,"@(x,y) -x.^4 - y.^4",0
310,4000,3,"@(x,y) 0.1",18*pi^2*cos(3*pi*y).*sin(3*pi*x),"@(x,y) sin(3*pi*x).*cos(3*pi*y)",0
311,4000,3,"@(x,y) 0.1",-3.*x,"@(x,y) x.^3/2 + y",0
312,4000,3,"@(x,y) 0.1",-2*exp(x + y),"@(x,y) exp(x+y)",0
313,4000,3,"@(x,y) 0.1",x.^2.*exp(y).*sin(x.*y) - 2*x.*exp(y).*cos(x.*y) - exp(y).*sin(x.*y) + y.^2.*exp(y).*sin(x.*y),"@(x,y) sin(x.*y).*exp(y)",0
314,4000,3,"@(x,y) 0.1",(pi^2)*x.^2.*sin(pi*x.*y) + y.^2*pi^2.*sin(pi*x.*y),"@(x,y) sin(10*pi*x.*y)",0
315,4000,3,"@(x,y) 0.1",(- 3./(4*(x.^2 + y).^(1/2)) - 3*(x.^2 + y).^(1/2) - (3*x.^2)./(x.^2 + y).^(1/2)),"@(x,y) (x.^2+y).^1.5",0
316,4000,3,"@(x,y) 1",12*x.^2+12*y.^2,"@(x,y) -x.^4 - y.^4",0
317,4000,3,"@(x,y) 1",18*pi^2*cos(3*pi*y).*sin(3*pi*x),"@(x,y) sin(3*pi*x).*cos(3*pi*y)",0
318,4000,3,"@(x,y) 1",-3.*x,"@(x,y) x.^3/2 + y",0
319,4000,3,"@(x,y) 1",-2*exp(x + y),"@(x,y) exp(x+y)",0
320,4000,3,"@(x,y) 1",x.^2.*exp(y).*sin(x.*y) - 2*x.*exp(y).*cos(x.*y) - exp(y).*sin(x.*y) + y.^2.*exp(y).*sin(x.*y),"@(x,y) sin(x.*y).*exp(y)",0
321,4000,3,"@(x,y) 1",(pi^2)*x.^2.*sin(pi*x.*y) + y.^2*pi^2.*sin(pi*x.*y),"@(x,y) sin(10*pi*x.*y)",0
322,4000,3,"@(x,y) 1",(- 3./(4*(x.^2 + y).^(1/2)) - 3*(x.^2 + y).^(1/2) - (3*x.^2)./(x.^2 + y).^(1/2)),"@(x,y) (x.^2+y).^1.5",0
323,4000,3,"@(x,y) 10",12*x.^2+12*y.^2,"@(x,y) -x.^4 - y.^4",0
324,4000,3,"@(x,y) 10",18*pi^2*cos(3*pi*y).*sin(3*pi*x),"@(x,y) sin(3*pi*x).*cos(3*pi*y)",0
325,4000,3,"@(x,y) 10",-3.*x,"@(x,y) x.^3/2 + y",0
326,4000,3,"@(x,y) 10",-2*exp(x + y),"@(x,y) exp(x+y)",0
327,4000,3,"@(x,y) 10",x.^2.*exp(y).*sin(x.*y) - 2*x.*exp(y).*cos(x.*y) - exp(y).*sin(x.*y) + y.^2.*exp(y).*sin(x.*y),"@(x,y) sin(x.*y).*exp(y)",0
328,4000,3,"@(x,y) 10",(pi^2)*x.^2.*sin(pi*x.*y) + y.^2*pi^2.*sin(pi*x.*y),"@(x,y) sin(10*pi*x.*y)",0
329,4000,3,"@(x,y) 10",(- 3./(4*(x.^2 + y).^(1/2)) - 3*(x.^2 + y).^(1/2) - (3*x.^2)./(x.^2 + y).^(1/2)),"@(x,y) (x.^2+y).^1.5",0
330,4000,3,"@(x,y) 100",12*x.^2+12*y.^2,"@(x,y) -x.^4 - y.^4",0
331,4000,3,"@(x,y) 100",18*pi^2*cos(3*pi*y).*sin(3*pi*x),"@(x,y) sin(3*pi*x).*cos(3*pi*y)",0
332,4000,3,"@(x,y) 100",-3.*x,"@(x,y) x.^3/2 + y",0
333,4000,3,"@(x,y) 100",-2*exp(x + y),"@(x,y) exp(x+y)",0
334,4000,3,"@(x,y) 100",x.^2.*exp(y).*sin(x.*y) - 2*x.*exp(y).*cos(x.*y) - exp(y).*sin(x.*y) + y.^2.*exp(y).*sin(x.*y),"@(x,y) sin(x.*y).*exp(y)",0
335,4000,3,"@(x,y) 100",(pi^2)*x.^2.*sin(pi*x.*y) + y.^2*pi^2.*sin(pi*x.*y),"@(x,y) sin(10*pi*x.*y)",0
336,4000,3,"@(x,y) 100",(- 3./(4*(x.^2 + y).^(1/2)) - 3*(x.^2 + y).^(1/2) - (3*x.^2)./(x.^2 + y).^(1/2)),"@(x,y) (x.^2+y).^1.5",0
337,5000,1,"@(x,y) 0.1",12*x.^2+12*y.^2,"@(x,y) -x.^4 - y.^4",0
338,5000,1,"@(x,y) 0.1",18*pi^2*cos(3*pi*y).*sin(3*pi*x),"@(x,y) sin(3*pi*x).*cos(3*pi*y)",0
339,5000,1,"@(x,y) 0.1",-3.*x,"@(x,y) x.^3/2 + y",0
340,5000,1,"@(x,y) 0.1",-2*exp(x + y),"@(x,y) exp(x+y)",0
341,5000,1,"@(x,y) 0.1",x.^2.*exp(y).*sin(x.*y) - 2*x.*exp(y).*cos(x.*y) - exp(y).*sin(x.*y) + y.^2.*exp(y).*sin(x.*y),"@(x,y) sin(x.*y).*exp(y)",0
342,5000,1,"@(x,y) 0.1",(pi^2)*x.^2.*sin(pi*x.*y) + y.^2*pi^2.*sin(pi*x.*y),"@(x,y) sin(10*pi*x.*y)",0
343,5000,1,"@(x,y) 0.1",(- 3./(4*(x.^2 + y).^(1/2)) - 3*(x.^2 + y).^(1/2) - (3*x.^2)./(x.^2 + y).^(1/2)),"@(x,y) (x.^2+y).^1.5",0
344,5000,1,"@(x,y) 1",12*x.^2+12*y.^2,"@(x,y) -x.^4 - y.^4",0
345,5000,1,"@(x,y) 1",18*pi^2*cos(3*pi*y).*sin(3*pi*x),"@(x,y) sin(3*pi*x).*cos(3*pi*y)",0
346,5000,1,"@(x,y) 1",-3.*x,"@(x,y) x.^3/2 + y",0
347,5000,1,"@(x,y) 1",-2*exp(x + y),"@(x,y) exp(x+y)",0
348,5000,1,"@(x,y) 1",x.^2.*exp(y).*sin(x.*y) - 2*x.*exp(y).*cos(x.*y) - exp(y).*sin(x.*y) + y.^2.*exp(y).*sin(x.*y),"@(x,y) sin(x.*y).*exp(y)",0
349,5000,1,"@(x,y) 1",(pi^2)*x.^2.*sin(pi*x.*y) + y.^2*pi^2.*sin(pi*x.*y),"@(x,y) sin(10*pi*x.*y)",0
350,5000,1,"@(x,y) 1",(- 3./(4*(x.^2 + y).^(1/2)) - 3*(x.^2 + y).^(1/2) - (3*x.^2)./(x.^2 + y).^(1/2)),"@(x,y) (x.^2+y).^1.5",0
351,5000,1,"@(x,y) 10",12*x.^2+12*y.^2,"@(x,y) -x.^4 - y.^4",0
352,5000,1,"@(x,y) 10",18*pi^2*cos(3*pi*y).*sin(3*pi*x),"@(x,y) sin(3*pi*x).*cos(3*pi*y)",0
353,5000,1,"@(x,y) 10",-3.*x,"@(x,y) x.^3/2 + y",0
354,5000,1,"@(x,y) 10",-2*exp(x + y),"@(x,y) exp(x+y)",0
355,5000,1,"@(x,y) 10",x.^2.*exp(y).*sin(x.*y) - 2*x.*exp(y).*cos(x.*y) - exp(y).*sin(x.*y) + y.^2.*exp(y).*sin(x.*y),"@(x,y) sin(x.*y).*exp(y)",0
356,5000,1,"@(x,y) 10",(pi^2)*x.^2.*sin(pi*x.*y) + y.^2*pi^2.*sin(pi*x.*y),"@(x,y) sin(10*pi*x.*y)",0
357,5000,1,"@(x,y) 10",(- 3./(4*(x.^2 + y).^(1/2)) - 3*(x.^2 + y).^(1/2) - (3*x.^2)./(x.^2 + y).^(1/2)),"@(x,y) (x.^2+y).^1.5",0
358,5000,1,"@(x,y) 100",12*x.^2+12*y.^2,"@(x,y) -x.^4 - y.^4",0
359,5000,1,"@(x,y) 100",18*pi^2*cos(3*pi*y).*sin(3*pi*x),"@(x,y) sin(3*pi*x).*cos(3*pi*y)",0
360,5000,1,"@(x,y) 100",-3.*x,"@(x,y) x.^3/2 + y",0
361,5000,1,"@(x,y) 100",-2*exp(x + y),"@(x,y) exp(x+y)",0
362,5000,1,"@(x,y) 100",x.^2.*exp(y).*sin(x.*y) - 2*x.*exp(y).*cos(x.*y) - exp(y).*sin(x.*y) + y.^2.*exp(y).*sin(x.*y),"@(x,y) sin(x.*y).*exp(y)",0
363,5000,1,"@(x,y) 100",(pi^2)*x.^2.*sin(pi*x.*y) + y.^2*pi^2.*sin(pi*x.*y),"@(x,y) sin(10*pi*x.*y)",0
364,5000,1,"@(x,y) 100",(- 3./(4*(x.^2 + y).^(1/2)) - 3*(x.^2 + y).^(1/2) - (3*x.^2)./(x.^2 + y).^(1/2)),"@(x,y) (x.^2+y).^1.5",0
365,5000,2,"@(x,y) 0.1",12*x.^2+12*y.^2,"@(x,y) -x.^4 - y.^4",0
366,5000,2,"@(x,y) 0.1",18*pi^2*cos(3*pi*y).*sin(3*pi*x),"@(x,y) sin(3*pi*x).*cos(3*pi*y)",0
367,5000,2,"@(x,y) 0.1",-3.*x,"@(x,y) x.^3/2 + y",0
368,5000,2,"@(x,y) 0.1",-2*exp(x + y),"@(x,y) exp(x+y)",0
369,5000,2,"@(x,y) 0.1",x.^2.*exp(y).*sin(x.*y) - 2*x.*exp(y).*cos(x.*y) - exp(y).*sin(x.*y) + y.^2.*exp(y).*sin(x.*y),"@(x,y) sin(x.*y).*exp(y)",0
370,5000,2,"@(x,y) 0.1",(pi^2)*x.^2.*sin(pi*x.*y) + y.^2*pi^2.*sin(pi*x.*y),"@(x,y) sin(10*pi*x.*y)",0
371,5000,2,"@(x,y) 0.1",(- 3./(4*(x.^2 + y).^(1/2)) - 3*(x.^2 + y).^(1/2) - (3*x.^2)./(x.^2 + y).^(1/2)),"@(x,y) (x.^2+y).^1.5",0
372,5000,2,"@(x,y) 1",12*x.^2+12*y.^2,"@(x,y) -x.^4 - y.^4",0
373,5000,2,"@(x,y) 1",18*pi^2*cos(3*pi*y).*sin(3*pi*x),"@(x,y) sin(3*pi*x).*cos(3*pi*y)",0
374,5000,2,"@(x,y) 1",-3.*x,"@(x,y) x.^3/2 + y",0
375,5000,2,"@(x,y) 1",-2*exp(x + y),"@(x,y) exp(x+y)",0
376,5000,2,"@(x,y) 1",x.^2.*exp(y).*sin(x.*y) - 2*x.*exp(y).*cos(x.*y) - exp(y).*sin(x.*y) + y.^2.*exp(y).*sin(x.*y),"@(x,y) sin(x.*y).*exp(y)",0
377,5000,2,"@(x,y) 1",(pi^2)*x.^2.*sin(pi*x.*y) + y.^2*pi^2.*sin(pi*x.*y),"@(x,y) sin(10*pi*x.*y)",0
378,5000,2,"@(x,y) 1",(- 3./(4*(x.^2 + y).^(1/2)) - 3*(x.^2 + y).^(1/2) - (3*x.^2)./(x.^2 + y).^(1/2)),"@(x,y) (x.^2+y).^1.5",0
379,5000,2,"@(x,y) 10",12*x.^2+12*y.^2,"@(x,y) -x.^4 - y.^4",0
380,5000,2,"@(x,y) 10",18*pi^2*cos(3*pi*y).*sin(3*pi*x),"@(x,y) sin(3*pi*x).*cos(3*pi*y)",0
381,5000,2,"@(x,y) 10",-3.*x,"@(x,y) x.^3/2 + y",0
382,5000,2,"@(x,y) 10",-2*exp(x + y),"@(x,y) exp(x+y)",0
383,5000,2,"@(x,y) 10",x.^2.*exp(y).*sin(x.*y) - 2*x.*exp(y).*cos(x.*y) - exp(y).*sin(x.*y) + y.^2.*exp(y).*sin(x.*y),"@(x,y) sin(x.*y).*exp(y)",0
384,5000,2,"@(x,y) 10",(pi^2)*x.^2.*sin(pi*x.*y) + y.^2*pi^2.*sin(pi*x.*y),"@(x,y) sin(10*pi*x.*y)",0
385,5000,2,"@(x,y) 10",(- 3./(4*(x.^2 + y).^(1/2)) - 3*(x.^2 + y).^(1/2) - (3*x.^2)./(x.^2 + y).^(1/2)),"@(x,y) (x.^2+y).^1.5",0
386,5000,2,"@(x,y) 100",12*x.^2+12*y.^2,"@(x,y) -x.^4 - y.^4",0
387,5000,2,"@(x,y) 100",18*pi^2*cos(3*pi*y).*sin(3*pi*x),"@(x,y) sin(3*pi*x).*cos(3*pi*y)",0
388,5000,2,"@(x,y) 100",-3.*x,"@(x,y) x.^3/2 + y",0
389,5000,2,"@(x,y) 100",-2*exp(x + y),"@(x,y) exp(x+y)",0
390,5000,2,"@(x,y) 100",x.^2.*exp(y).*sin(x.*y) - 2*x.*exp(y).*cos(x.*y) - exp(y).*sin(x.*y) + y.^2.*exp(y).*sin(x.*y),"@(x,y) sin(x.*y).*exp(y)",0
391,5000,2,"@(x,y) 100",(pi^2)*x.^2.*sin(pi*x.*y) + y.^2*pi^2.*sin(pi*x.*y),"@(x,y) sin(10*pi*x.*y)",0
392,5000,2,"@(x,y) 100",(- 3./(4*(x.^2 + y).^(1/2)) - 3*(x.^2 + y).^(1/2) - (3*x.^2)./(x.^2 + y).^(1/2)),"@(x,y) (x.^2+y).^1.5",0
393,5000,3,"@(x,y) 0.1",12*x.^2+12*y.^2,"@(x,y) -x.^4 - y.^4",0
394,5000,3,"@(x,y) 0.1",18*pi^2*cos(3*pi*y).*sin(3*pi*x),"@(x,y) sin(3*pi*x).*cos(3*pi*y)",0
395,5000,3,"@(x,y) 0.1",-3.*x,"@(x,y) x.^3/2 + y",0
396,5000,3,"@(x,y) 0.1",-2*exp(x + y),"@(x,y) exp(x+y)",0
397,5000,3,"@(x,y) 0.1",x.^2.*exp(y).*sin(x.*y) - 2*x.*exp(y).*cos(x.*y) - exp(y).*sin(x.*y) + y.^2.*exp(y).*sin(x.*y),"@(x,y) sin(x.*y).*exp(y)",0
398,5000,3,"@(x,y) 0.1",(pi^2)*x.^2.*sin(pi*x.*y) + y.^2*pi^2.*sin(pi*x.*y),"@(x,y) sin(10*pi*x.*y)",0
399,5000,3,"@(x,y) 0.1",(- 3./(4*(x.^2 + y).^(1/2)) - 3*(x.^2 + y).^(1/2) - (3*x.^2)./(x.^2 + y).^(1/2)),"@(x,y) (x.^2+y).^1.5",0
400,5000,3,"@(x,y) 1",12*x.^2+12*y.^2,"@(x,y) -x.^4 - y.^4",0
401,5000,3,"@(x,y) 1",18*pi^2*cos(3*pi*y).*sin(3*pi*x),"@(x,y) sin(3*pi*x).*cos(3*pi*y)",0
402,5000,3,"@(x,y) 1",-3.*x,"@(x,y) x.^3/2 + y",0
403,5000,3,"@(x,y) 1",-2*exp(x + y),"@(x,y) exp(x+y)",0
404,5000,3,"@(x,y) 1",x.^2.*exp(y).*sin(x.*y) - 2*x.*exp(y).*cos(x.*y) - exp(y).*sin(x.*y) + y.^2.*exp(y).*sin(x.*y),"@(x,y) sin(x.*y).*exp(y)",0
405,5000,3,"@(x,y) 1",(pi^2)*x.^2.*sin(pi*x.*y) + y.^2*pi^2.*sin(pi*x.*y),"@(x,y) sin(10*pi*x.*y)",0
406,5000,3,"@(x,y) 1",(- 3./(4*(x.^2 + y).^(1/2)) - 3*(x.^2 + y).^(1/2) - (3*x.^2)./(x.^2 + y).^(1/2)),"@(x,y) (x.^2+y).^1.5",0
407,5000,3,"@(x,y) 10",12*x.^2+12*y.^2,"@(x,y) -x.^4 - y.^4",0
408,5000,3,"@(x,y) 10",18*pi^2*cos(3*pi*y).*sin(3*pi*x),"@(x,y) sin(3*pi*x).*cos(3*pi*y)",0
409,5000,3,"@(x,y) 10",-3.*x,"@(x,y) x.^3/2 + y",0
410,5000,3,"@(x,y) 10",-2*exp(x + y),"@(x,y) exp(x+y)",0
411,5000,3,"@(x,y) 10",x.^2.*exp(y).*sin(x.*y) - 2*x.*exp(y).*cos(x.*y) - exp(y).*sin(x.*y) + y.^2.*exp(y).*sin(x.*y),"@(x,y) sin(x.*y).*exp(y)",0
412,5000,3,"@(x,y) 10",(pi^2)*x.^2.*sin(pi*x.*y) + y.^2*pi^2.*sin(pi*x.*y),"@(x,y) sin(10*pi*x.*y)",0
413,5000,3,"@(x,y) 10",(- 3./(4*(x.^2 + y).^(1/2)) - 3*(x.^2 + y).^(1/2) - (3*x.^2)./(x.^2 + y).^(1/2)),"@(x,y) (x.^2+y).^1.5",0
414,5000,3,"@(x,y) 100",12*x.^2+12*y.^2,"@(x,y) -x.^4 - y.^4",0
415,5000,3,"@(x,y) 100",18*pi^2*cos(3*pi*y).*sin(3*pi*x),"@(x,y) sin(3*pi*x).*cos(3*pi*y)",0
416,5000,3,"@(x,y) 100",-3.*x,"@(x,y) x.^3/2 + y",0
417,5000,3,"@(x,y) 100",-2*exp(x + y),"@(x,y) exp(x+y)",0
418,5000,3,"@(x,y) 100",x.^2.*exp(y).*sin(x.*y) - 2*x.*exp(y).*cos(x.*y) - exp(y).*sin(x.*y) + y.^2.*exp(y).*sin(x.*y),"@(x,y) sin(x.*y).*exp(y)",0
419,5000,3,"@(x,y) 100",(pi^2)*x.^2.*sin(pi*x.*y) + y.^2*pi^2.*sin(pi*x.*y),"@(x,y) sin(10*pi*x.*y)",0
420,5000,3,"@(x,y) 100",(- 3./(4*(x.^2 + y).^(1/2)) - 3*(x.^2 + y).^(1/2) - (3*x.^2)./(x.^2 + y).^(1/2)),"@(x,y) (x.^2+y).^1.5",0
