ID	N	p	mu	f	g	pb_ID
1	1000	1	@(x,y) (1.2 + (x>0.5))	(12*x.^2+12*y.^2)	@(x,y) -x.^4 - y.^4	1
2	1000	1	@(x,y) (1.2 + (x>0.5))	( 18*pi^2*cos(3*pi*y).*sin(3*pi*x))	@(x,y) sin(3*pi*x).*cos(3*pi*y)	2
3	1000	1	@(x,y) (1.2 + (x>0.5))	 (-3.*x)	@(x,y) x.^3/2 + y	3
4	1000	1	@(x,y) (1.2 + (x>0.5))	 (-2*exp(x + y))	@(x,y) exp(x+y)	4
5	1000	1	@(x,y) (1.2 + (x>0.5))	( x.^2 .* exp(y) .* sin(x.*y)- 2 .* x .* exp(y) .* cos(x.*y) - exp(y) .* sin(x.*y)+ y.^2 .* exp(y) .* sin(x.*y))	@(x,y) sin(x.*y).*exp(y)	5
6	1000	1	@(x,y) (1.2 + (x>0.5))	 (100*(x.^2).*pi^2.*sin(10*pi*x.*y) + 100*y.^2*pi^2.*sin(10*pi*x.*y))	@(x,y) sin(10*pi*x.*y)	6
7	1000	1	@(x,y) (1.2 + (x>0.5))	 (- 3./(4*(x.^2 + y).^(1/2)) - 3*(x.^2 + y).^(1/2) - (3*x.^2)./(x.^2 + y).^(1/2))	@(x,y) (x.^2+y).^1.5	7
8	1000	1	@(x,y) (1.2 + (x>0.5))	(pi^2.*cos((pi*x)./(y + 1)))./(y + 1).^2 + (2*x.*pi.*sin((pi*x)./(y + 1)))./(y + 1).^3 + (x.^2*pi^2.*cos((pi*x)./(y + 1)))./(y + 1).^4	@(x,y) cos(pi*x./(y+1))	8
9	1000	1	@(x,y) (1.2 + (x>0.5))	(-2*x.^3 + 6 * x .* y.^2)	@(x,y) (x.^3).*(y.^2)	9
10	1000	1	@(x,y) (1.2 + (x>0.5))	(x.*exp(y)+y.*exp(x))	@(x,y) -(x.*exp(y)+y.*exp(x))	10
11	1000	1	@(x,y) (1.2 + (x>0.5))	(-2*exp(-x-y))	@(x,y) 1./exp(x+y)	11
12	1000	1	@(x,y) (1.2 + (x>0.5))	(- (4*exp(1./(x + y + 2)))./(x + y + 2).^3 - (2*exp(1./(x + y + 2)))./(x + y + 2).^4)	@(x,y) exp(1./(x+y+2))	12
13	1000	1	@(x,y) (1.2 + (x>0.5))	(- 1./cos(y) - 1./sin(x) - (2.*cos(x).^2)./sin(x).^3 - (2.*sin(y).^2)./cos(y).^3)	@(x,y) 1./sin(x) + 1./cos(y)	13
14	1000	1	@(x,y) (1.2 + (x>0.5))	(-4./(x + y -4).^3)	@(x,y) 1./(x+y-4)	14
15	1000	1	@(x,y) (1.2 + (x>0.5))	(1./(x.^2 + y + 5).^2 - 2./(x.^2 + y + 5) + (4*x.^2)./(x.^2 + y + 5).^2)	@(x,y) log(x.^2+y+5)	15
16	1000	1	@(x,y) (1.2 + (x>0.5))	(-2./(x + y - 7).^2)	@(x,y) log(1./(x+y-7))	16
17	1000	1	@(x,y) (1.2 + (x>0.5))	(-4*x.^2.*exp(2*x.*y)-4*y.^2.*exp(2*x.*y))	@(x,y) exp(2*x.*y)	17
18	1000	1	@(x,y) (1.2 + (x>0.5))	(sin(y)./(x - 2) - (2*sin(y))./(x - 2).^3)	@(x,y) sin(y)./(x-2)	18
19	1000	1	@(x,y) (1.2 + (x>0.5))	(- 2./(x - 3).^3 - 2./(y -3).^3)	@(x,y) 1./(x-3) + 1./(y-3)	19
20	1000	1	@(x,y) (1.2 + (x>0.5))	(-(2*x)./y.^3)	@(x,y) x./y	20
21	10000	1	@(x,y) 1.4	12*x.^2+12*y.^2	@(x,y) -x.^4 - y.^4	21
22	10000	1	@(x,y) 1.4	 18*pi^2*cos(3*pi*y).*sin(3*pi*x)	@(x,y) sin(3*pi*x).*cos(3*pi*y)	22
23	10000	1	@(x,y) 1.4	 -3.*x	@(x,y) x.^3/2 + y	23
24	10000	1	@(x,y) 1.4	 -2*exp(x + y)	@(x,y) exp(x+y)	24
25	10000	1	@(x,y) 1.4	x.^2.*exp(y).*sin(x.*y) - 2*x.*exp(y).*cos(x.*y) - exp(y).*sin(x.*y) + y.^2*exp(y).*sin(x.*y)	@(x,y) sin(x.*y).*exp(y)	25
26	10000	1	@(x,y) 1.4	 (100*(x.^2).*pi^2.*sin(10*pi*x.*y) + 100*y.^2*pi^2.*sin(10*pi*x.*y)	@(x,y) sin(10*pi*x.*y)	26
27	10000	1	@(x,y) 1.4	 (- 3./(4*(x.^2 + y).^(1/2)) - 3*(x.^2 + y).^(1/2) - (3*x.^2)./(x.^2 + y).^(1/2))	@(x,y) (x.^2+y).^1.5	27
28	10000	1	@(x,y) 1.4	(pi^2.*cos((pi*x)./(y + 1)))./(y + 1).^2 + (2*x.*pi.*sin((pi*x)./(y + 1)))./(y + 1).^3 + (x.^2*pi^2.*cos((pi*x)./(y + 1)))./(y + 1).^4	@(x,y) cos(pi*x./(y+1))	28
29	10000	1	@(x,y) 1.4	-2*x.^3 + 6 * x .* y.^2	@(x,y) (x.^3).*(y.^2)	29
30	10000	1	@(x,y) 1.4	x.*exp(y)+y.*exp(x)	@(x,y) -(x.*exp(y)+y.*exp(x))	30
31	10000	1	@(x,y) 1.4	-2*exp(-x-y)	@(x,y) 1./exp(x+y)	31
32	10000	1	@(x,y) 1.4	- (4*exp(1./(x + y + 2)))./(x + y + 2).^3 - (2*exp(1./(x + y + 2)))./(x + y + 2).^4	@(x,y) exp(1./(x+y+2))	32
33	10000	1	@(x,y) 1.4	        - 1./cos(y) - 1./sin(x) - (2*cos(x).^2)./sin(x).^3 - (2*sin(y).^2)./cos(y).^3	@(x,y) 1./sin(x) + 1./cos(y)	33
34	10000	1	@(x,y) 1.4	                                                             -4./(x + y - 4).^3	@(x,y) 1./(x+y-4)	34
35	10000	1	@(x,y) 1.4	1./(x.^2 + y + 5).^2 - 2./(x.^2 + y + 5) + (4*x.^2)./(x.^2 + y + 5).^2	@(x,y) log(x.^2+y+5)	35
36	10000	1	@(x,y) 1.4	(-2./(x + y - 7).^2)	@(x,y) log(1./(x+y-7))	36
37	10000	1	@(x,y) 1.4	(-4*x.^2*exp(2*x.*y)-4*y.^2*exp(2*x.*y))	@(x,y) exp(2*x.*y)	37
38	10000	1	@(x,y) 1.4	sin(y)./(x - 2) - (2*sin(y))./(x - 2).^3	@(x,y) sin(y)./(x-2)	38
39	10000	1	@(x,y) 1.4	- 2./(x - 3).^3 - 2./(y - 3).^3	@(x,y) 1./(x-3) + 1./(y-3)	39
40	10000	1	@(x,y) 1.4	-(2*x)./y.^3	@(x,y) x./y	40
41	10000	1	@(x,y) 17	12*x.^2+12*y.^2	@(x,y) -x.^4 - y.^4	41
42	10000	1	@(x,y) 17	 18*pi^2*cos(3*pi*y).*sin(3*pi*x)	@(x,y) sin(3*pi*x).*cos(3*pi*y)	42
43	10000	1	@(x,y) 17	 -3.*x	@(x,y) x.^3/2 + y	43
44	10000	1	@(x,y) 17	 -2*exp(x + y)	@(x,y) exp(x+y)	44
45	10000	1	@(x,y) 17	x.^2.*exp(y).*sin(x.*y) - 2*x.*exp(y).*cos(x.*y) - exp(y).*sin(x.*y) + y.^2*exp(y).*sin(x.*y)	@(x,y) sin(x.*y).*exp(y)	45
46	10000	1	@(x,y) 17	 (100*(x.^2).*pi^2.*sin(10*pi*x.*y) + 100*y.^2*pi^2.*sin(10*pi*x.*y)	@(x,y) sin(10*pi*x.*y)	46
47	10000	1	@(x,y) 17	 (- 3./(4*(x.^2 + y).^(1/2)) - 3*(x.^2 + y).^(1/2) - (3*x.^2)./(x.^2 + y).^(1/2))	@(x,y) (x.^2+y).^1.5	47
48	10000	1	@(x,y) 17	(pi^2.*cos((pi*x)./(y + 1)))./(y + 1).^2 + (2*x.*pi.*sin((pi*x)./(y + 1)))./(y + 1).^3 + (x.^2*pi^2.*cos((pi*x)./(y + 1)))./(y + 1).^4	@(x,y) cos(pi*x./(y+1))	48
49	10000	1	@(x,y) 17	-2*x.^3 + 6 * x .* y.^2	@(x,y) (x.^3).*(y.^2)	49
50	10000	1	@(x,y) 17	x.*exp(y)+y.*exp(x)	@(x,y) -(x.*exp(y)+y.*exp(x))	50
51	10000	1	@(x,y) 17	-2*exp(-x-y)	@(x,y) 1./exp(x+y)	51
52	10000	1	@(x,y) 17	- (4*exp(1./(x + y + 2)))./(x + y + 2).^3 - (2*exp(1./(x + y + 2)))./(x + y + 2).^4	@(x,y) exp(1./(x+y+2))	52
53	10000	1	@(x,y) 17	        - 1./cos(y) - 1./sin(x) - (2*cos(x).^2)./sin(x).^3 - (2*sin(y).^2)./cos(y).^3	@(x,y) 1./sin(x) + 1./cos(y)	53
54	10000	1	@(x,y) 17	                                                             -4./(x + y - 4).^3	@(x,y) 1./(x+y-4)	54
55	10000	1	@(x,y) 17	1./(x.^2 + y + 5).^2 - 2./(x.^2 + y + 5) + (4*x.^2)./(x.^2 + y + 5).^2	@(x,y) log(x.^2+y+5)	55
56	10000	1	@(x,y) 17	(-2./(x + y - 7).^2)	@(x,y) log(1./(x+y-7))	56
57	10000	1	@(x,y) 17	(-4*x.^2*exp(2*x.*y)-4*y.^2*exp(2*x.*y))	@(x,y) exp(2*x.*y)	57
58	10000	1	@(x,y) 17	sin(y)./(x - 2) - (2*sin(y))./(x - 2).^3	@(x,y) sin(y)./(x-2)	58
59	10000	1	@(x,y) 17	- 2./(x - 3).^3 - 2./(y - 3).^3	@(x,y) 1./(x-3) + 1./(y-3)	59
60	10000	1	@(x,y) 17	-(2*x)./y.^3	@(x,y) x./y	60
61	10000	1	@(x,y) 91	12*x.^2+12*y.^2	@(x,y) -x.^4 - y.^4	61
62	10000	1	@(x,y) 91	 18*pi^2*cos(3*pi*y).*sin(3*pi*x)	@(x,y) sin(3*pi*x).*cos(3*pi*y)	62
63	10000	1	@(x,y) 91	 -3.*x	@(x,y) x.^3/2 + y	63
64	10000	1	@(x,y) 91	 -2*exp(x + y)	@(x,y) exp(x+y)	64
65	10000	1	@(x,y) 91	x.^2.*exp(y).*sin(x.*y) - 2*x.*exp(y).*cos(x.*y) - exp(y).*sin(x.*y) + y.^2*exp(y).*sin(x.*y)	@(x,y) sin(x.*y).*exp(y)	65
66	10000	1	@(x,y) 91	 (100*(x.^2).*pi^2.*sin(10*pi*x.*y) + 100*y.^2*pi^2.*sin(10*pi*x.*y)	@(x,y) sin(10*pi*x.*y)	66
67	10000	1	@(x,y) 91	 (- 3./(4*(x.^2 + y).^(1/2)) - 3*(x.^2 + y).^(1/2) - (3*x.^2)./(x.^2 + y).^(1/2))	@(x,y) (x.^2+y).^1.5	67
68	10000	1	@(x,y) 91	(pi^2.*cos((pi*x)./(y + 1)))./(y + 1).^2 + (2*x.*pi.*sin((pi*x)./(y + 1)))./(y + 1).^3 + (x.^2*pi^2.*cos((pi*x)./(y + 1)))./(y + 1).^4	@(x,y) cos(pi*x./(y+1))	68
69	10000	1	@(x,y) 91	-2*x.^3 + 6 * x .* y.^2	@(x,y) (x.^3).*(y.^2)	69
70	10000	1	@(x,y) 91	x.*exp(y)+y.*exp(x)	@(x,y) -(x.*exp(y)+y.*exp(x))	70
71	10000	1	@(x,y) 91	-2*exp(-x-y)	@(x,y) 1./exp(x+y)	71
72	10000	1	@(x,y) 91	- (4*exp(1./(x + y + 2)))./(x + y + 2).^3 - (2*exp(1./(x + y + 2)))./(x + y + 2).^4	@(x,y) exp(1./(x+y+2))	72
73	10000	1	@(x,y) 91	        - 1./cos(y) - 1./sin(x) - (2*cos(x).^2)./sin(x).^3 - (2*sin(y).^2)./cos(y).^3	@(x,y) 1./sin(x) + 1./cos(y)	73
74	10000	1	@(x,y) 91	                                                             -4./(x + y - 4).^3	@(x,y) 1./(x+y-4)	74
75	10000	1	@(x,y) 91	1./(x.^2 + y + 5).^2 - 2./(x.^2 + y + 5) + (4*x.^2)./(x.^2 + y + 5).^2	@(x,y) log(x.^2+y+5)	75
76	10000	1	@(x,y) 91	(-2./(x + y - 7).^2)	@(x,y) log(1./(x+y-7))	76
77	10000	1	@(x,y) 91	(-4*x.^2*exp(2*x.*y)-4*y.^2*exp(2*x.*y))	@(x,y) exp(2*x.*y)	77
78	10000	1	@(x,y) 91	sin(y)./(x - 2) - (2*sin(y))./(x - 2).^3	@(x,y) sin(y)./(x-2)	78
79	10000	1	@(x,y) 91	- 2./(x - 3).^3 - 2./(y - 3).^3	@(x,y) 1./(x-3) + 1./(y-3)	79
80	10000	1	@(x,y) 91	-(2*x)./y.^3	@(x,y) x./y	80
81	10000	1	@(x,y) 0.1	12*x.^2+12*y.^2	@(x,y) -x.^4 - y.^4	81
82	10000	1	@(x,y) 0.1	 18*pi^2*cos(3*pi*y).*sin(3*pi*x)	@(x,y) sin(3*pi*x).*cos(3*pi*y)	82
83	10000	1	@(x,y) 0.1	 -3.*x	@(x,y) x.^3/2 + y	83
84	10000	1	@(x,y) 0.1	 -2*exp(x + y)	@(x,y) exp(x+y)	84
85	10000	1	@(x,y) 0.1	x.^2.*exp(y).*sin(x.*y) - 2*x.*exp(y).*cos(x.*y) - exp(y).*sin(x.*y) + y.^2*exp(y).*sin(x.*y)	@(x,y) sin(x.*y).*exp(y)	85
86	10000	1	@(x,y) 0.1	 (100*(x.^2).*pi^2.*sin(10*pi*x.*y) + 100*y.^2*pi^2.*sin(10*pi*x.*y)	@(x,y) sin(10*pi*x.*y)	86
87	10000	1	@(x,y) 0.1	 (- 3./(4*(x.^2 + y).^(1/2)) - 3*(x.^2 + y).^(1/2) - (3*x.^2)./(x.^2 + y).^(1/2))	@(x,y) (x.^2+y).^1.5	87
88	10000	1	@(x,y) 0.1	(pi^2.*cos((pi*x)./(y + 1)))./(y + 1).^2 + (2*x.*pi.*sin((pi*x)./(y + 1)))./(y + 1).^3 + (x.^2*pi^2.*cos((pi*x)./(y + 1)))./(y + 1).^4	@(x,y) cos(pi*x./(y+1))	88
89	10000	1	@(x,y) 0.1	-2*x.^3 + 6 * x .* y.^2	@(x,y) (x.^3).*(y.^2)	89
90	10000	1	@(x,y) 0.1	x.*exp(y)+y.*exp(x)	@(x,y) -(x.*exp(y)+y.*exp(x))	90
91	10000	1	@(x,y) 0.1	-2*exp(-x-y)	@(x,y) 1./exp(x+y)	91
92	10000	1	@(x,y) 0.1	- (4*exp(1./(x + y + 2)))./(x + y + 2).^3 - (2*exp(1./(x + y + 2)))./(x + y + 2).^4	@(x,y) exp(1./(x+y+2))	92
93	10000	1	@(x,y) 0.1	        - 1./cos(y) - 1./sin(x) - (2*cos(x).^2)./sin(x).^3 - (2*sin(y).^2)./cos(y).^3	@(x,y) 1./sin(x) + 1./cos(y)	93
94	10000	1	@(x,y) 0.1	                                                             -4./(x + y - 4).^3	@(x,y) 1./(x+y-4)	94
95	10000	1	@(x,y) 0.1	1./(x.^2 + y + 5).^2 - 2./(x.^2 + y + 5) + (4*x.^2)./(x.^2 + y + 5).^2	@(x,y) log(x.^2+y+5)	95
96	10000	1	@(x,y) 0.1	(-2./(x + y - 7).^2)	@(x,y) log(1./(x+y-7))	96
97	10000	1	@(x,y) 0.1	(-4*x.^2*exp(2*x.*y)-4*y.^2*exp(2*x.*y))	@(x,y) exp(2*x.*y)	97
98	10000	1	@(x,y) 0.1	sin(y)./(x - 2) - (2*sin(y))./(x - 2).^3	@(x,y) sin(y)./(x-2)	98
99	10000	1	@(x,y) 0.1	- 2./(x - 3).^3 - 2./(y - 3).^3	@(x,y) 1./(x-3) + 1./(y-3)	99
100	10000	1	@(x,y) 0.1	-(2*x)./y.^3	@(x,y) x./y	100
101	10000	3	@(x,y) 1.2 + (x>0.5)	12*x.^2+12*y.^2	@(x,y) -x.^4 - y.^4	1
102	10000	3	@(x,y) 1.2 + (x>0.5)	 18*pi^2*cos(3*pi*y).*sin(3*pi*x)	@(x,y) sin(3*pi*x).*cos(3*pi*y)	2
103	10000	3	@(x,y) 1.2 + (x>0.5)	 -3.*x	@(x,y) x.^3/2 + y	3
104	10000	3	@(x,y) 1.2 + (x>0.5)	 -2*exp(x + y)	@(x,y) exp(x+y)	4
105	10000	3	@(x,y) 1.2 + (x>0.5)	x.^2.*exp(y).*sin(x.*y) - 2*x.*exp(y).*cos(x.*y) - exp(y).*sin(x.*y) + y.^2*exp(y).*sin(x.*y)	@(x,y) sin(x.*y).*exp(y)	5
106	10000	3	@(x,y) 1.2 + (x>0.5)	 (100*(x.^2).*pi^2.*sin(10*pi*x.*y) + 100*y.^2*pi^2.*sin(10*pi*x.*y)	@(x,y) sin(10*pi*x.*y)	6
107	10000	3	@(x,y) 1.2 + (x>0.5)	 (- 3./(4*(x.^2 + y).^(1/2)) - 3*(x.^2 + y).^(1/2) - (3*x.^2)./(x.^2 + y).^(1/2))	@(x,y) (x.^2+y).^1.5	7
108	10000	3	@(x,y) 1.2 + (x>0.5)	(pi^2.*cos((pi*x)./(y + 1)))./(y + 1).^2 + (2*x.*pi.*sin((pi*x)./(y + 1)))./(y + 1).^3 + (x.^2*pi^2.*cos((pi*x)./(y + 1)))./(y + 1).^4	@(x,y) cos(pi*x./(y+1))	8
109	10000	3	@(x,y) 1.2 + (x>0.5)	-2*x.^3 + 6 * x .* y.^2	@(x,y) (x.^3).*(y.^2)	9
110	10000	3	@(x,y) 1.2 + (x>0.5)	x.*exp(y)+y.*exp(x)	@(x,y) -(x.*exp(y)+y.*exp(x))	10
111	10000	3	@(x,y) 1.2 + (x>0.5)	-2*exp(-x-y)	@(x,y) 1./exp(x+y)	11
112	10000	3	@(x,y) 1.2 + (x>0.5)	- (4*exp(1./(x + y + 2)))./(x + y + 2).^3 - (2*exp(1./(x + y + 2)))./(x + y + 2).^4	@(x,y) exp(1./(x+y+2))	12
113	10000	3	@(x,y) 1.2 + (x>0.5)	        - 1./cos(y) - 1./sin(x) - (2*cos(x).^2)./sin(x).^3 - (2*sin(y).^2)./cos(y).^3	@(x,y) 1./sin(x) + 1./cos(y)	13
114	10000	3	@(x,y) 1.2 + (x>0.5)	                                                             -4./(x + y - 4).^3	@(x,y) 1./(x+y-4)	14
115	10000	3	@(x,y) 1.2 + (x>0.5)	1./(x.^2 + y + 5).^2 - 2./(x.^2 + y + 5) + (4*x.^2)./(x.^2 + y + 5).^2	@(x,y) log(x.^2+y+5)	15
116	10000	3	@(x,y) 1.2 + (x>0.5)	(-2./(x + y - 7).^2)	@(x,y) log(1./(x+y-7))	16
117	10000	3	@(x,y) 1.2 + (x>0.5)	(-4*x.^2*exp(2*x.*y)-4*y.^2*exp(2*x.*y))	@(x,y) exp(2*x.*y)	17
118	10000	3	@(x,y) 1.2 + (x>0.5)	sin(y)./(x - 2) - (2*sin(y))./(x - 2).^3	@(x,y) sin(y)./(x-2)	18
119	10000	3	@(x,y) 1.2 + (x>0.5)	- 2./(x - 3).^3 - 2./(y - 3).^3	@(x,y) 1./(x-3) + 1./(y-3)	19
120	10000	3	@(x,y) 1.2 + (x>0.5)	-(2*x)./y.^3	@(x,y) x./y	20
121	10000	3	@(x,y) 1.4	12*x.^2+12*y.^2	@(x,y) -x.^4 - y.^4	21
122	10000	3	@(x,y) 1.4	 18*pi^2*cos(3*pi*y).*sin(3*pi*x)	@(x,y) sin(3*pi*x).*cos(3*pi*y)	22
123	10000	3	@(x,y) 1.4	 -3.*x	@(x,y) x.^3/2 + y	23
124	10000	3	@(x,y) 1.4	 -2*exp(x + y)	@(x,y) exp(x+y)	24
125	10000	3	@(x,y) 1.4	x.^2.*exp(y).*sin(x.*y) - 2*x.*exp(y).*cos(x.*y) - exp(y).*sin(x.*y) + y.^2*exp(y).*sin(x.*y)	@(x,y) sin(x.*y).*exp(y)	25
126	10000	3	@(x,y) 1.4	 (100*(x.^2).*pi^2.*sin(10*pi*x.*y) + 100*y.^2*pi^2.*sin(10*pi*x.*y)	@(x,y) sin(10*pi*x.*y)	26
127	10000	3	@(x,y) 1.4	 (- 3./(4*(x.^2 + y).^(1/2)) - 3*(x.^2 + y).^(1/2) - (3*x.^2)./(x.^2 + y).^(1/2))	@(x,y) (x.^2+y).^1.5	27
128	10000	3	@(x,y) 1.4	(pi^2.*cos((pi*x)./(y + 1)))./(y + 1).^2 + (2*x.*pi.*sin((pi*x)./(y + 1)))./(y + 1).^3 + (x.^2*pi^2.*cos((pi*x)./(y + 1)))./(y + 1).^4	@(x,y) cos(pi*x./(y+1))	28
129	10000	3	@(x,y) 1.4	-2*x.^3 + 6 * x .* y.^2	@(x,y) (x.^3).*(y.^2)	29
130	10000	3	@(x,y) 1.4	x.*exp(y)+y.*exp(x)	@(x,y) -(x.*exp(y)+y.*exp(x))	30
131	10000	3	@(x,y) 1.4	-2*exp(-x-y)	@(x,y) 1./exp(x+y)	31
132	10000	3	@(x,y) 1.4	- (4*exp(1./(x + y + 2)))./(x + y + 2).^3 - (2*exp(1./(x + y + 2)))./(x + y + 2).^4	@(x,y) exp(1./(x+y+2))	32
133	10000	3	@(x,y) 1.4	        - 1./cos(y) - 1./sin(x) - (2*cos(x).^2)./sin(x).^3 - (2*sin(y).^2)./cos(y).^3	@(x,y) 1./sin(x) + 1./cos(y)	33
134	10000	3	@(x,y) 1.4	                                                             -4./(x + y - 4).^3	@(x,y) 1./(x+y-4)	34
135	10000	3	@(x,y) 1.4	1./(x.^2 + y + 5).^2 - 2./(x.^2 + y + 5) + (4*x.^2)./(x.^2 + y + 5).^2	@(x,y) log(x.^2+y+5)	35
136	10000	3	@(x,y) 1.4	(-2./(x + y - 7).^2)	@(x,y) log(1./(x+y-7))	36
137	10000	3	@(x,y) 1.4	(-4*x.^2*exp(2*x.*y)-4*y.^2*exp(2*x.*y))	@(x,y) exp(2*x.*y)	37
138	10000	3	@(x,y) 1.4	sin(y)./(x - 2) - (2*sin(y))./(x - 2).^3	@(x,y) sin(y)./(x-2)	38
139	10000	3	@(x,y) 1.4	- 2./(x - 3).^3 - 2./(y - 3).^3	@(x,y) 1./(x-3) + 1./(y-3)	39
140	10000	3	@(x,y) 1.4	-(2*x)./y.^3	@(x,y) x./y	40
141	10000	3	@(x,y) 17	12*x.^2+12*y.^2	@(x,y) -x.^4 - y.^4	41
142	10000	3	@(x,y) 17	 18*pi^2*cos(3*pi*y).*sin(3*pi*x)	@(x,y) sin(3*pi*x).*cos(3*pi*y)	42
143	10000	3	@(x,y) 17	 -3.*x	@(x,y) x.^3/2 + y	43
144	10000	3	@(x,y) 17	 -2*exp(x + y)	@(x,y) exp(x+y)	44
145	10000	3	@(x,y) 17	x.^2.*exp(y).*sin(x.*y) - 2*x.*exp(y).*cos(x.*y) - exp(y).*sin(x.*y) + y.^2*exp(y).*sin(x.*y)	@(x,y) sin(x.*y).*exp(y)	45
146	10000	3	@(x,y) 17	 (100*(x.^2).*pi^2.*sin(10*pi*x.*y) + 100*y.^2*pi^2.*sin(10*pi*x.*y)	@(x,y) sin(10*pi*x.*y)	46
147	10000	3	@(x,y) 17	 (- 3./(4*(x.^2 + y).^(1/2)) - 3*(x.^2 + y).^(1/2) - (3*x.^2)./(x.^2 + y).^(1/2))	@(x,y) (x.^2+y).^1.5	47
148	10000	3	@(x,y) 17	(pi^2.*cos((pi*x)./(y + 1)))./(y + 1).^2 + (2*x.*pi.*sin((pi*x)./(y + 1)))./(y + 1).^3 + (x.^2*pi^2.*cos((pi*x)./(y + 1)))./(y + 1).^4	@(x,y) cos(pi*x./(y+1))	48
149	10000	3	@(x,y) 17	-2*x.^3 + 6 * x .* y.^2	@(x,y) (x.^3).*(y.^2)	49
150	10000	3	@(x,y) 17	x.*exp(y)+y.*exp(x)	@(x,y) -(x.*exp(y)+y.*exp(x))	50
151	10000	3	@(x,y) 17	-2*exp(-x-y)	@(x,y) 1./exp(x+y)	51
152	10000	3	@(x,y) 17	- (4*exp(1./(x + y + 2)))./(x + y + 2).^3 - (2*exp(1./(x + y + 2)))./(x + y + 2).^4	@(x,y) exp(1./(x+y+2))	52
153	10000	3	@(x,y) 17	        - 1./cos(y) - 1./sin(x) - (2*cos(x).^2)./sin(x).^3 - (2*sin(y).^2)./cos(y).^3	@(x,y) 1./sin(x) + 1./cos(y)	53
154	10000	3	@(x,y) 17	                                                             -4./(x + y - 4).^3	@(x,y) 1./(x+y-4)	54
155	10000	3	@(x,y) 17	1./(x.^2 + y + 5).^2 - 2./(x.^2 + y + 5) + (4*x.^2)./(x.^2 + y + 5).^2	@(x,y) log(x.^2+y+5)	55
156	10000	3	@(x,y) 17	(-2./(x + y - 7).^2)	@(x,y) log(1./(x+y-7))	56
157	10000	3	@(x,y) 17	(-4*x.^2*exp(2*x.*y)-4*y.^2*exp(2*x.*y))	@(x,y) exp(2*x.*y)	57
158	10000	3	@(x,y) 17	sin(y)./(x - 2) - (2*sin(y))./(x - 2).^3	@(x,y) sin(y)./(x-2)	58
159	10000	3	@(x,y) 17	- 2./(x - 3).^3 - 2./(y - 3).^3	@(x,y) 1./(x-3) + 1./(y-3)	59
160	10000	3	@(x,y) 17	-(2*x)./y.^3	@(x,y) x./y	60
161	10000	3	@(x,y) 91	12*x.^2+12*y.^2	@(x,y) -x.^4 - y.^4	61
162	10000	3	@(x,y) 91	 18*pi^2*cos(3*pi*y).*sin(3*pi*x)	@(x,y) sin(3*pi*x).*cos(3*pi*y)	62
163	10000	3	@(x,y) 91	 -3.*x	@(x,y) x.^3/2 + y	63
164	10000	3	@(x,y) 91	 -2*exp(x + y)	@(x,y) exp(x+y)	64
165	10000	3	@(x,y) 91	x.^2.*exp(y).*sin(x.*y) - 2*x.*exp(y).*cos(x.*y) - exp(y).*sin(x.*y) + y.^2*exp(y).*sin(x.*y)	@(x,y) sin(x.*y).*exp(y)	65
166	10000	3	@(x,y) 91	 (100*(x.^2).*pi^2.*sin(10*pi*x.*y) + 100*y.^2*pi^2.*sin(10*pi*x.*y)	@(x,y) sin(10*pi*x.*y)	66
167	10000	3	@(x,y) 91	 (- 3./(4*(x.^2 + y).^(1/2)) - 3*(x.^2 + y).^(1/2) - (3*x.^2)./(x.^2 + y).^(1/2))	@(x,y) (x.^2+y).^1.5	67
168	10000	3	@(x,y) 91	(pi^2.*cos((pi*x)./(y + 1)))./(y + 1).^2 + (2*x.*pi.*sin((pi*x)./(y + 1)))./(y + 1).^3 + (x.^2*pi^2.*cos((pi*x)./(y + 1)))./(y + 1).^4	@(x,y) cos(pi*x./(y+1))	68
169	10000	3	@(x,y) 91	-2*x.^3 + 6 * x .* y.^2	@(x,y) (x.^3).*(y.^2)	69
170	10000	3	@(x,y) 91	x.*exp(y)+y.*exp(x)	@(x,y) -(x.*exp(y)+y.*exp(x))	70
171	10000	3	@(x,y) 91	-2*exp(-x-y)	@(x,y) 1./exp(x+y)	71
172	10000	3	@(x,y) 91	- (4*exp(1./(x + y + 2)))./(x + y + 2).^3 - (2*exp(1./(x + y + 2)))./(x + y + 2).^4	@(x,y) exp(1./(x+y+2))	72
173	10000	3	@(x,y) 91	        - 1./cos(y) - 1./sin(x) - (2*cos(x).^2)./sin(x).^3 - (2*sin(y).^2)./cos(y).^3	@(x,y) 1./sin(x) + 1./cos(y)	73
174	10000	3	@(x,y) 91	                                                             -4./(x + y - 4).^3	@(x,y) 1./(x+y-4)	74
175	10000	3	@(x,y) 91	1./(x.^2 + y + 5).^2 - 2./(x.^2 + y + 5) + (4*x.^2)./(x.^2 + y + 5).^2	@(x,y) log(x.^2+y+5)	75
176	10000	3	@(x,y) 91	(-2./(x + y - 7).^2)	@(x,y) log(1./(x+y-7))	76
177	10000	3	@(x,y) 91	(-4*x.^2*exp(2*x.*y)-4*y.^2*exp(2*x.*y))	@(x,y) exp(2*x.*y)	77
178	10000	3	@(x,y) 91	sin(y)./(x - 2) - (2*sin(y))./(x - 2).^3	@(x,y) sin(y)./(x-2)	78
179	10000	3	@(x,y) 91	- 2./(x - 3).^3 - 2./(y - 3).^3	@(x,y) 1./(x-3) + 1./(y-3)	79
180	10000	3	@(x,y) 91	-(2*x)./y.^3	@(x,y) x./y	80
181	10000	3	@(x,y) 0.1	12*x.^2+12*y.^2	@(x,y) -x.^4 - y.^4	81
182	10000	3	@(x,y) 0.1	 18*pi^2*cos(3*pi*y).*sin(3*pi*x)	@(x,y) sin(3*pi*x).*cos(3*pi*y)	82
183	10000	3	@(x,y) 0.1	 -3.*x	@(x,y) x.^3/2 + y	83
184	10000	3	@(x,y) 0.1	 -2*exp(x + y)	@(x,y) exp(x+y)	84
185	10000	3	@(x,y) 0.1	x.^2.*exp(y).*sin(x.*y) - 2*x.*exp(y).*cos(x.*y) - exp(y).*sin(x.*y) + y.^2*exp(y).*sin(x.*y)	@(x,y) sin(x.*y).*exp(y)	85
186	10000	3	@(x,y) 0.1	 (100*(x.^2).*pi^2.*sin(10*pi*x.*y) + 100*y.^2*pi^2.*sin(10*pi*x.*y)	@(x,y) sin(10*pi*x.*y)	86
187	10000	3	@(x,y) 0.1	 (- 3./(4*(x.^2 + y).^(1/2)) - 3*(x.^2 + y).^(1/2) - (3*x.^2)./(x.^2 + y).^(1/2))	@(x,y) (x.^2+y).^1.5	87
188	10000	3	@(x,y) 0.1	(pi^2.*cos((pi*x)./(y + 1)))./(y + 1).^2 + (2*x.*pi.*sin((pi*x)./(y + 1)))./(y + 1).^3 + (x.^2*pi^2.*cos((pi*x)./(y + 1)))./(y + 1).^4	@(x,y) cos(pi*x./(y+1))	88
189	10000	3	@(x,y) 0.1	-2*x.^3 + 6 * x .* y.^2	@(x,y) (x.^3).*(y.^2)	89
190	10000	3	@(x,y) 0.1	x.*exp(y)+y.*exp(x)	@(x,y) -(x.*exp(y)+y.*exp(x))	90
191	10000	3	@(x,y) 0.1	-2*exp(-x-y)	@(x,y) 1./exp(x+y)	91
192	10000	3	@(x,y) 0.1	- (4*exp(1./(x + y + 2)))./(x + y + 2).^3 - (2*exp(1./(x + y + 2)))./(x + y + 2).^4	@(x,y) exp(1./(x+y+2))	92
193	10000	3	@(x,y) 0.1	        - 1./cos(y) - 1./sin(x) - (2*cos(x).^2)./sin(x).^3 - (2*sin(y).^2)./cos(y).^3	@(x,y) 1./sin(x) + 1./cos(y)	93
194	10000	3	@(x,y) 0.1	                                                             -4./(x + y - 4).^3	@(x,y) 1./(x+y-4)	94
195	10000	3	@(x,y) 0.1	1./(x.^2 + y + 5).^2 - 2./(x.^2 + y + 5) + (4*x.^2)./(x.^2 + y + 5).^2	@(x,y) log(x.^2+y+5)	95
196	10000	3	@(x,y) 0.1	(-2./(x + y - 7).^2)	@(x,y) log(1./(x+y-7))	96
197	10000	3	@(x,y) 0.1	(-4*x.^2*exp(2*x.*y)-4*y.^2*exp(2*x.*y))	@(x,y) exp(2*x.*y)	97
198	10000	3	@(x,y) 0.1	sin(y)./(x - 2) - (2*sin(y))./(x - 2).^3	@(x,y) sin(y)./(x-2)	98
199	10000	3	@(x,y) 0.1	- 2./(x - 3).^3 - 2./(y - 3).^3	@(x,y) 1./(x-3) + 1./(y-3)	99
200	10000	3	@(x,y) 0.1	-(2*x)./y.^3	@(x,y) x./y	100
201	13000	1	@(x,y) 1.2 + (x>0.5)	12*x.^2+12*y.^2	@(x,y) -x.^4 - y.^4	1
202	13000	1	@(x,y) 1.2 + (x>0.5)	 18*pi^2*cos(3*pi*y).*sin(3*pi*x)	@(x,y) sin(3*pi*x).*cos(3*pi*y)	2
203	13000	1	@(x,y) 1.2 + (x>0.5)	 -3.*x	@(x,y) x.^3/2 + y	3
204	13000	1	@(x,y) 1.2 + (x>0.5)	 -2*exp(x + y)	@(x,y) exp(x+y)	4
205	13000	1	@(x,y) 1.2 + (x>0.5)	x.^2.*exp(y).*sin(x.*y) - 2*x.*exp(y).*cos(x.*y) - exp(y).*sin(x.*y) + y.^2*exp(y).*sin(x.*y)	@(x,y) sin(x.*y).*exp(y)	5
206	13000	1	@(x,y) 1.2 + (x>0.5)	 (100*(x.^2).*pi^2.*sin(10*pi*x.*y) + 100*y.^2*pi^2.*sin(10*pi*x.*y)	@(x,y) sin(10*pi*x.*y)	6
207	13000	1	@(x,y) 1.2 + (x>0.5)	 (- 3./(4*(x.^2 + y).^(1/2)) - 3*(x.^2 + y).^(1/2) - (3*x.^2)./(x.^2 + y).^(1/2))	@(x,y) (x.^2+y).^1.5	7
208	13000	1	@(x,y) 1.2 + (x>0.5)	(pi^2.*cos((pi*x)./(y + 1)))./(y + 1).^2 + (2*x.*pi.*sin((pi*x)./(y + 1)))./(y + 1).^3 + (x.^2*pi^2.*cos((pi*x)./(y + 1)))./(y + 1).^4	@(x,y) cos(pi*x./(y+1))	8
209	13000	1	@(x,y) 1.2 + (x>0.5)	-2*x.^3 + 6 * x .* y.^2	@(x,y) (x.^3).*(y.^2)	9
210	13000	1	@(x,y) 1.2 + (x>0.5)	x.*exp(y)+y.*exp(x)	@(x,y) -(x.*exp(y)+y.*exp(x))	10
211	13000	1	@(x,y) 1.2 + (x>0.5)	-2*exp(-x-y)	@(x,y) 1./exp(x+y)	11
212	13000	1	@(x,y) 1.2 + (x>0.5)	- (4*exp(1./(x + y + 2)))./(x + y + 2).^3 - (2*exp(1./(x + y + 2)))./(x + y + 2).^4	@(x,y) exp(1./(x+y+2))	12
213	13000	1	@(x,y) 1.2 + (x>0.5)	        - 1./cos(y) - 1./sin(x) - (2*cos(x).^2)./sin(x).^3 - (2*sin(y).^2)./cos(y).^3	@(x,y) 1./sin(x) + 1./cos(y)	13
214	13000	1	@(x,y) 1.2 + (x>0.5)	                                                             -4./(x + y - 4).^3	@(x,y) 1./(x+y-4)	14
215	13000	1	@(x,y) 1.2 + (x>0.5)	1./(x.^2 + y + 5).^2 - 2./(x.^2 + y + 5) + (4*x.^2)./(x.^2 + y + 5).^2	@(x,y) log(x.^2+y+5)	15
216	13000	1	@(x,y) 1.2 + (x>0.5)	(-2./(x + y - 7).^2)	@(x,y) log(1./(x+y-7))	16
217	13000	1	@(x,y) 1.2 + (x>0.5)	(-4*x.^2*exp(2*x.*y)-4*y.^2*exp(2*x.*y))	@(x,y) exp(2*x.*y)	17
218	13000	1	@(x,y) 1.2 + (x>0.5)	sin(y)./(x - 2) - (2*sin(y))./(x - 2).^3	@(x,y) sin(y)./(x-2)	18
219	13000	1	@(x,y) 1.2 + (x>0.5)	- 2./(x - 3).^3 - 2./(y - 3).^3	@(x,y) 1./(x-3) + 1./(y-3)	19
220	13000	1	@(x,y) 1.2 + (x>0.5)	-(2*x)./y.^3	@(x,y) x./y	20
221	13000	1	@(x,y) 1.4	12*x.^2+12*y.^2	@(x,y) -x.^4 - y.^4	21
222	13000	1	@(x,y) 1.4	 18*pi^2*cos(3*pi*y).*sin(3*pi*x)	@(x,y) sin(3*pi*x).*cos(3*pi*y)	22
223	13000	1	@(x,y) 1.4	 -3.*x	@(x,y) x.^3/2 + y	23
224	13000	1	@(x,y) 1.4	 -2*exp(x + y)	@(x,y) exp(x+y)	24
225	13000	1	@(x,y) 1.4	x.^2.*exp(y).*sin(x.*y) - 2*x.*exp(y).*cos(x.*y) - exp(y).*sin(x.*y) + y.^2*exp(y).*sin(x.*y)	@(x,y) sin(x.*y).*exp(y)	25
226	13000	1	@(x,y) 1.4	 (100*(x.^2).*pi^2.*sin(10*pi*x.*y) + 100*y.^2*pi^2.*sin(10*pi*x.*y)	@(x,y) sin(10*pi*x.*y)	26
227	13000	1	@(x,y) 1.4	 (- 3./(4*(x.^2 + y).^(1/2)) - 3*(x.^2 + y).^(1/2) - (3*x.^2)./(x.^2 + y).^(1/2))	@(x,y) (x.^2+y).^1.5	27
228	13000	1	@(x,y) 1.4	(pi^2.*cos((pi*x)./(y + 1)))./(y + 1).^2 + (2*x.*pi.*sin((pi*x)./(y + 1)))./(y + 1).^3 + (x.^2*pi^2.*cos((pi*x)./(y + 1)))./(y + 1).^4	@(x,y) cos(pi*x./(y+1))	28
229	13000	1	@(x,y) 1.4	-2*x.^3 + 6 * x .* y.^2	@(x,y) (x.^3).*(y.^2)	29
230	13000	1	@(x,y) 1.4	x.*exp(y)+y.*exp(x)	@(x,y) -(x.*exp(y)+y.*exp(x))	30
231	13000	1	@(x,y) 1.4	-2*exp(-x-y)	@(x,y) 1./exp(x+y)	31
232	13000	1	@(x,y) 1.4	- (4*exp(1./(x + y + 2)))./(x + y + 2).^3 - (2*exp(1./(x + y + 2)))./(x + y + 2).^4	@(x,y) exp(1./(x+y+2))	32
233	13000	1	@(x,y) 1.4	        - 1./cos(y) - 1./sin(x) - (2*cos(x).^2)./sin(x).^3 - (2*sin(y).^2)./cos(y).^3	@(x,y) 1./sin(x) + 1./cos(y)	33
234	13000	1	@(x,y) 1.4	                                                             -4./(x + y - 4).^3	@(x,y) 1./(x+y-4)	34
235	13000	1	@(x,y) 1.4	1./(x.^2 + y + 5).^2 - 2./(x.^2 + y + 5) + (4*x.^2)./(x.^2 + y + 5).^2	@(x,y) log(x.^2+y+5)	35
236	13000	1	@(x,y) 1.4	(-2./(x + y - 7).^2)	@(x,y) log(1./(x+y-7))	36
237	13000	1	@(x,y) 1.4	(-4*x.^2*exp(2*x.*y)-4*y.^2*exp(2*x.*y))	@(x,y) exp(2*x.*y)	37
238	13000	1	@(x,y) 1.4	sin(y)./(x - 2) - (2*sin(y))./(x - 2).^3	@(x,y) sin(y)./(x-2)	38
239	13000	1	@(x,y) 1.4	- 2./(x - 3).^3 - 2./(y - 3).^3	@(x,y) 1./(x-3) + 1./(y-3)	39
240	13000	1	@(x,y) 1.4	-(2*x)./y.^3	@(x,y) x./y	40
241	13000	1	@(x,y) 17	12*x.^2+12*y.^2	@(x,y) -x.^4 - y.^4	41
242	13000	1	@(x,y) 17	 18*pi^2*cos(3*pi*y).*sin(3*pi*x)	@(x,y) sin(3*pi*x).*cos(3*pi*y)	42
243	13000	1	@(x,y) 17	 -3.*x	@(x,y) x.^3/2 + y	43
244	13000	1	@(x,y) 17	 -2*exp(x + y)	@(x,y) exp(x+y)	44
245	13000	1	@(x,y) 17	x.^2.*exp(y).*sin(x.*y) - 2*x.*exp(y).*cos(x.*y) - exp(y).*sin(x.*y) + y.^2*exp(y).*sin(x.*y)	@(x,y) sin(x.*y).*exp(y)	45
246	13000	1	@(x,y) 17	 (100*(x.^2).*pi^2.*sin(10*pi*x.*y) + 100*y.^2*pi^2.*sin(10*pi*x.*y)	@(x,y) sin(10*pi*x.*y)	46
247	13000	1	@(x,y) 17	 (- 3./(4*(x.^2 + y).^(1/2)) - 3*(x.^2 + y).^(1/2) - (3*x.^2)./(x.^2 + y).^(1/2))	@(x,y) (x.^2+y).^1.5	47
248	13000	1	@(x,y) 17	(pi^2.*cos((pi*x)./(y + 1)))./(y + 1).^2 + (2*x.*pi.*sin((pi*x)./(y + 1)))./(y + 1).^3 + (x.^2*pi^2.*cos((pi*x)./(y + 1)))./(y + 1).^4	@(x,y) cos(pi*x./(y+1))	48
249	13000	1	@(x,y) 17	-2*x.^3 + 6 * x .* y.^2	@(x,y) (x.^3).*(y.^2)	49
250	13000	1	@(x,y) 17	x.*exp(y)+y.*exp(x)	@(x,y) -(x.*exp(y)+y.*exp(x))	50
251	13000	1	@(x,y) 17	-2*exp(-x-y)	@(x,y) 1./exp(x+y)	51
252	13000	1	@(x,y) 17	- (4*exp(1./(x + y + 2)))./(x + y + 2).^3 - (2*exp(1./(x + y + 2)))./(x + y + 2).^4	@(x,y) exp(1./(x+y+2))	52
253	13000	1	@(x,y) 17	        - 1./cos(y) - 1./sin(x) - (2*cos(x).^2)./sin(x).^3 - (2*sin(y).^2)./cos(y).^3	@(x,y) 1./sin(x) + 1./cos(y)	53
254	13000	1	@(x,y) 17	                                                             -4./(x + y - 4).^3	@(x,y) 1./(x+y-4)	54
255	13000	1	@(x,y) 17	1./(x.^2 + y + 5).^2 - 2./(x.^2 + y + 5) + (4*x.^2)./(x.^2 + y + 5).^2	@(x,y) log(x.^2+y+5)	55
256	13000	1	@(x,y) 17	(-2./(x + y - 7).^2)	@(x,y) log(1./(x+y-7))	56
257	13000	1	@(x,y) 17	(-4*x.^2*exp(2*x.*y)-4*y.^2*exp(2*x.*y))	@(x,y) exp(2*x.*y)	57
258	13000	1	@(x,y) 17	sin(y)./(x - 2) - (2*sin(y))./(x - 2).^3	@(x,y) sin(y)./(x-2)	58
259	13000	1	@(x,y) 17	- 2./(x - 3).^3 - 2./(y - 3).^3	@(x,y) 1./(x-3) + 1./(y-3)	59
260	13000	1	@(x,y) 17	-(2*x)./y.^3	@(x,y) x./y	60
261	13000	1	@(x,y) 91	12*x.^2+12*y.^2	@(x,y) -x.^4 - y.^4	61
262	13000	1	@(x,y) 91	 18*pi^2*cos(3*pi*y).*sin(3*pi*x)	@(x,y) sin(3*pi*x).*cos(3*pi*y)	62
263	13000	1	@(x,y) 91	 -3.*x	@(x,y) x.^3/2 + y	63
264	13000	1	@(x,y) 91	 -2*exp(x + y)	@(x,y) exp(x+y)	64
265	13000	1	@(x,y) 91	x.^2.*exp(y).*sin(x.*y) - 2*x.*exp(y).*cos(x.*y) - exp(y).*sin(x.*y) + y.^2*exp(y).*sin(x.*y)	@(x,y) sin(x.*y).*exp(y)	65
266	13000	1	@(x,y) 91	 (100*(x.^2).*pi^2.*sin(10*pi*x.*y) + 100*y.^2*pi^2.*sin(10*pi*x.*y)	@(x,y) sin(10*pi*x.*y)	66
267	13000	1	@(x,y) 91	 (- 3./(4*(x.^2 + y).^(1/2)) - 3*(x.^2 + y).^(1/2) - (3*x.^2)./(x.^2 + y).^(1/2))	@(x,y) (x.^2+y).^1.5	67
268	13000	1	@(x,y) 91	(pi^2.*cos((pi*x)./(y + 1)))./(y + 1).^2 + (2*x.*pi.*sin((pi*x)./(y + 1)))./(y + 1).^3 + (x.^2*pi^2.*cos((pi*x)./(y + 1)))./(y + 1).^4	@(x,y) cos(pi*x./(y+1))	68
269	13000	1	@(x,y) 91	-2*x.^3 + 6 * x .* y.^2	@(x,y) (x.^3).*(y.^2)	69
270	13000	1	@(x,y) 91	x.*exp(y)+y.*exp(x)	@(x,y) -(x.*exp(y)+y.*exp(x))	70
271	13000	1	@(x,y) 91	-2*exp(-x-y)	@(x,y) 1./exp(x+y)	71
272	13000	1	@(x,y) 91	- (4*exp(1./(x + y + 2)))./(x + y + 2).^3 - (2*exp(1./(x + y + 2)))./(x + y + 2).^4	@(x,y) exp(1./(x+y+2))	72
273	13000	1	@(x,y) 91	        - 1./cos(y) - 1./sin(x) - (2*cos(x).^2)./sin(x).^3 - (2*sin(y).^2)./cos(y).^3	@(x,y) 1./sin(x) + 1./cos(y)	73
274	13000	1	@(x,y) 91	                                                             -4./(x + y - 4).^3	@(x,y) 1./(x+y-4)	74
275	13000	1	@(x,y) 91	1./(x.^2 + y + 5).^2 - 2./(x.^2 + y + 5) + (4*x.^2)./(x.^2 + y + 5).^2	@(x,y) log(x.^2+y+5)	75
276	13000	1	@(x,y) 91	(-2./(x + y - 7).^2)	@(x,y) log(1./(x+y-7))	76
277	13000	1	@(x,y) 91	(-4*x.^2*exp(2*x.*y)-4*y.^2*exp(2*x.*y))	@(x,y) exp(2*x.*y)	77
278	13000	1	@(x,y) 91	sin(y)./(x - 2) - (2*sin(y))./(x - 2).^3	@(x,y) sin(y)./(x-2)	78
279	13000	1	@(x,y) 91	- 2./(x - 3).^3 - 2./(y - 3).^3	@(x,y) 1./(x-3) + 1./(y-3)	79
280	13000	1	@(x,y) 91	-(2*x)./y.^3	@(x,y) x./y	80
281	13000	1	@(x,y) 0.1	12*x.^2+12*y.^2	@(x,y) -x.^4 - y.^4	81
282	13000	1	@(x,y) 0.1	 18*pi^2*cos(3*pi*y).*sin(3*pi*x)	@(x,y) sin(3*pi*x).*cos(3*pi*y)	82
283	13000	1	@(x,y) 0.1	 -3.*x	@(x,y) x.^3/2 + y	83
284	13000	1	@(x,y) 0.1	 -2*exp(x + y)	@(x,y) exp(x+y)	84
285	13000	1	@(x,y) 0.1	x.^2.*exp(y).*sin(x.*y) - 2*x.*exp(y).*cos(x.*y) - exp(y).*sin(x.*y) + y.^2*exp(y).*sin(x.*y)	@(x,y) sin(x.*y).*exp(y)	85
286	13000	1	@(x,y) 0.1	 (100*(x.^2).*pi^2.*sin(10*pi*x.*y) + 100*y.^2*pi^2.*sin(10*pi*x.*y)	@(x,y) sin(10*pi*x.*y)	86
287	13000	1	@(x,y) 0.1	 (- 3./(4*(x.^2 + y).^(1/2)) - 3*(x.^2 + y).^(1/2) - (3*x.^2)./(x.^2 + y).^(1/2))	@(x,y) (x.^2+y).^1.5	87
288	13000	1	@(x,y) 0.1	(pi^2.*cos((pi*x)./(y + 1)))./(y + 1).^2 + (2*x.*pi.*sin((pi*x)./(y + 1)))./(y + 1).^3 + (x.^2*pi^2.*cos((pi*x)./(y + 1)))./(y + 1).^4	@(x,y) cos(pi*x./(y+1))	88
289	13000	1	@(x,y) 0.1	-2*x.^3 + 6 * x .* y.^2	@(x,y) (x.^3).*(y.^2)	89
290	13000	1	@(x,y) 0.1	x.*exp(y)+y.*exp(x)	@(x,y) -(x.*exp(y)+y.*exp(x))	90
291	13000	1	@(x,y) 0.1	-2*exp(-x-y)	@(x,y) 1./exp(x+y)	91
292	13000	1	@(x,y) 0.1	- (4*exp(1./(x + y + 2)))./(x + y + 2).^3 - (2*exp(1./(x + y + 2)))./(x + y + 2).^4	@(x,y) exp(1./(x+y+2))	92
293	13000	1	@(x,y) 0.1	        - 1./cos(y) - 1./sin(x) - (2*cos(x).^2)./sin(x).^3 - (2*sin(y).^2)./cos(y).^3	@(x,y) 1./sin(x) + 1./cos(y)	93
294	13000	1	@(x,y) 0.1	                                                             -4./(x + y - 4).^3	@(x,y) 1./(x+y-4)	94
295	13000	1	@(x,y) 0.1	1./(x.^2 + y + 5).^2 - 2./(x.^2 + y + 5) + (4*x.^2)./(x.^2 + y + 5).^2	@(x,y) log(x.^2+y+5)	95
296	13000	1	@(x,y) 0.1	(-2./(x + y - 7).^2)	@(x,y) log(1./(x+y-7))	96
297	13000	1	@(x,y) 0.1	(-4*x.^2*exp(2*x.*y)-4*y.^2*exp(2*x.*y))	@(x,y) exp(2*x.*y)	97
298	13000	1	@(x,y) 0.1	sin(y)./(x - 2) - (2*sin(y))./(x - 2).^3	@(x,y) sin(y)./(x-2)	98
299	13000	1	@(x,y) 0.1	- 2./(x - 3).^3 - 2./(y - 3).^3	@(x,y) 1./(x-3) + 1./(y-3)	99
300	13000	1	@(x,y) 0.1	-(2*x)./y.^3	@(x,y) x./y	100
301	13000	3	@(x,y) 1.2 + (x>0.5)	12*x.^2+12*y.^2	@(x,y) -x.^4 - y.^4	1
302	13000	3	@(x,y) 1.2 + (x>0.5)	 18*pi^2*cos(3*pi*y).*sin(3*pi*x)	@(x,y) sin(3*pi*x).*cos(3*pi*y)	2
303	13000	3	@(x,y) 1.2 + (x>0.5)	 -3.*x	@(x,y) x.^3/2 + y	3
304	13000	3	@(x,y) 1.2 + (x>0.5)	 -2*exp(x + y)	@(x,y) exp(x+y)	4
305	13000	3	@(x,y) 1.2 + (x>0.5)	x.^2.*exp(y).*sin(x.*y) - 2*x.*exp(y).*cos(x.*y) - exp(y).*sin(x.*y) + y.^2*exp(y).*sin(x.*y)	@(x,y) sin(x.*y).*exp(y)	5
306	13000	3	@(x,y) 1.2 + (x>0.5)	 (100*(x.^2).*pi^2.*sin(10*pi*x.*y) + 100*y.^2*pi^2.*sin(10*pi*x.*y)	@(x,y) sin(10*pi*x.*y)	6
307	13000	3	@(x,y) 1.2 + (x>0.5)	 (- 3./(4*(x.^2 + y).^(1/2)) - 3*(x.^2 + y).^(1/2) - (3*x.^2)./(x.^2 + y).^(1/2))	@(x,y) (x.^2+y).^1.5	7
308	13000	3	@(x,y) 1.2 + (x>0.5)	(pi^2.*cos((pi*x)./(y + 1)))./(y + 1).^2 + (2*x.*pi.*sin((pi*x)./(y + 1)))./(y + 1).^3 + (x.^2*pi^2.*cos((pi*x)./(y + 1)))./(y + 1).^4	@(x,y) cos(pi*x./(y+1))	8
309	13000	3	@(x,y) 1.2 + (x>0.5)	-2*x.^3 + 6 * x .* y.^2	@(x,y) (x.^3).*(y.^2)	9
310	13000	3	@(x,y) 1.2 + (x>0.5)	x.*exp(y)+y.*exp(x)	@(x,y) -(x.*exp(y)+y.*exp(x))	10
311	13000	3	@(x,y) 1.2 + (x>0.5)	-2*exp(-x-y)	@(x,y) 1./exp(x+y)	11
312	13000	3	@(x,y) 1.2 + (x>0.5)	- (4*exp(1./(x + y + 2)))./(x + y + 2).^3 - (2*exp(1./(x + y + 2)))./(x + y + 2).^4	@(x,y) exp(1./(x+y+2))	12
313	13000	3	@(x,y) 1.2 + (x>0.5)	        - 1./cos(y) - 1./sin(x) - (2*cos(x).^2)./sin(x).^3 - (2*sin(y).^2)./cos(y).^3	@(x,y) 1./sin(x) + 1./cos(y)	13
314	13000	3	@(x,y) 1.2 + (x>0.5)	                                                             -4./(x + y - 4).^3	@(x,y) 1./(x+y-4)	14
315	13000	3	@(x,y) 1.2 + (x>0.5)	1./(x.^2 + y + 5).^2 - 2./(x.^2 + y + 5) + (4*x.^2)./(x.^2 + y + 5).^2	@(x,y) log(x.^2+y+5)	15
316	13000	3	@(x,y) 1.2 + (x>0.5)	(-2./(x + y - 7).^2)	@(x,y) log(1./(x+y-7))	16
317	13000	3	@(x,y) 1.2 + (x>0.5)	(-4*x.^2*exp(2*x.*y)-4*y.^2*exp(2*x.*y))	@(x,y) exp(2*x.*y)	17
318	13000	3	@(x,y) 1.2 + (x>0.5)	sin(y)./(x - 2) - (2*sin(y))./(x - 2).^3	@(x,y) sin(y)./(x-2)	18
319	13000	3	@(x,y) 1.2 + (x>0.5)	- 2./(x - 3).^3 - 2./(y - 3).^3	@(x,y) 1./(x-3) + 1./(y-3)	19
320	13000	3	@(x,y) 1.2 + (x>0.5)	-(2*x)./y.^3	@(x,y) x./y	20
321	13000	3	@(x,y) 1.4	12*x.^2+12*y.^2	@(x,y) -x.^4 - y.^4	21
322	13000	3	@(x,y) 1.4	 18*pi^2*cos(3*pi*y).*sin(3*pi*x)	@(x,y) sin(3*pi*x).*cos(3*pi*y)	22
323	13000	3	@(x,y) 1.4	 -3.*x	@(x,y) x.^3/2 + y	23
324	13000	3	@(x,y) 1.4	 -2*exp(x + y)	@(x,y) exp(x+y)	24
325	13000	3	@(x,y) 1.4	x.^2.*exp(y).*sin(x.*y) - 2*x.*exp(y).*cos(x.*y) - exp(y).*sin(x.*y) + y.^2*exp(y).*sin(x.*y)	@(x,y) sin(x.*y).*exp(y)	25
326	13000	3	@(x,y) 1.4	 (100*(x.^2).*pi^2.*sin(10*pi*x.*y) + 100*y.^2*pi^2.*sin(10*pi*x.*y)	@(x,y) sin(10*pi*x.*y)	26
327	13000	3	@(x,y) 1.4	 (- 3./(4*(x.^2 + y).^(1/2)) - 3*(x.^2 + y).^(1/2) - (3*x.^2)./(x.^2 + y).^(1/2))	@(x,y) (x.^2+y).^1.5	27
328	13000	3	@(x,y) 1.4	(pi^2.*cos((pi*x)./(y + 1)))./(y + 1).^2 + (2*x.*pi.*sin((pi*x)./(y + 1)))./(y + 1).^3 + (x.^2*pi^2.*cos((pi*x)./(y + 1)))./(y + 1).^4	@(x,y) cos(pi*x./(y+1))	28
329	13000	3	@(x,y) 1.4	-2*x.^3 + 6 * x .* y.^2	@(x,y) (x.^3).*(y.^2)	29
330	13000	3	@(x,y) 1.4	x.*exp(y)+y.*exp(x)	@(x,y) -(x.*exp(y)+y.*exp(x))	30
331	13000	3	@(x,y) 1.4	-2*exp(-x-y)	@(x,y) 1./exp(x+y)	31
332	13000	3	@(x,y) 1.4	- (4*exp(1./(x + y + 2)))./(x + y + 2).^3 - (2*exp(1./(x + y + 2)))./(x + y + 2).^4	@(x,y) exp(1./(x+y+2))	32
333	13000	3	@(x,y) 1.4	        - 1./cos(y) - 1./sin(x) - (2*cos(x).^2)./sin(x).^3 - (2*sin(y).^2)./cos(y).^3	@(x,y) 1./sin(x) + 1./cos(y)	33
334	13000	3	@(x,y) 1.4	                                                             -4./(x + y - 4).^3	@(x,y) 1./(x+y-4)	34
335	13000	3	@(x,y) 1.4	1./(x.^2 + y + 5).^2 - 2./(x.^2 + y + 5) + (4*x.^2)./(x.^2 + y + 5).^2	@(x,y) log(x.^2+y+5)	35
336	13000	3	@(x,y) 1.4	(-2./(x + y - 7).^2)	@(x,y) log(1./(x+y-7))	36
337	13000	3	@(x,y) 1.4	(-4*x.^2*exp(2*x.*y)-4*y.^2*exp(2*x.*y))	@(x,y) exp(2*x.*y)	37
338	13000	3	@(x,y) 1.4	sin(y)./(x - 2) - (2*sin(y))./(x - 2).^3	@(x,y) sin(y)./(x-2)	38
339	13000	3	@(x,y) 1.4	- 2./(x - 3).^3 - 2./(y - 3).^3	@(x,y) 1./(x-3) + 1./(y-3)	39
340	13000	3	@(x,y) 1.4	-(2*x)./y.^3	@(x,y) x./y	40
341	13000	3	@(x,y) 17	12*x.^2+12*y.^2	@(x,y) -x.^4 - y.^4	41
342	13000	3	@(x,y) 17	 18*pi^2*cos(3*pi*y).*sin(3*pi*x)	@(x,y) sin(3*pi*x).*cos(3*pi*y)	42
343	13000	3	@(x,y) 17	 -3.*x	@(x,y) x.^3/2 + y	43
344	13000	3	@(x,y) 17	 -2*exp(x + y)	@(x,y) exp(x+y)	44
345	13000	3	@(x,y) 17	x.^2.*exp(y).*sin(x.*y) - 2*x.*exp(y).*cos(x.*y) - exp(y).*sin(x.*y) + y.^2*exp(y).*sin(x.*y)	@(x,y) sin(x.*y).*exp(y)	45
346	13000	3	@(x,y) 17	 (100*(x.^2).*pi^2.*sin(10*pi*x.*y) + 100*y.^2*pi^2.*sin(10*pi*x.*y)	@(x,y) sin(10*pi*x.*y)	46
347	13000	3	@(x,y) 17	 (- 3./(4*(x.^2 + y).^(1/2)) - 3*(x.^2 + y).^(1/2) - (3*x.^2)./(x.^2 + y).^(1/2))	@(x,y) (x.^2+y).^1.5	47
348	13000	3	@(x,y) 17	(pi^2.*cos((pi*x)./(y + 1)))./(y + 1).^2 + (2*x.*pi.*sin((pi*x)./(y + 1)))./(y + 1).^3 + (x.^2*pi^2.*cos((pi*x)./(y + 1)))./(y + 1).^4	@(x,y) cos(pi*x./(y+1))	48
349	13000	3	@(x,y) 17	-2*x.^3 + 6 * x .* y.^2	@(x,y) (x.^3).*(y.^2)	49
350	13000	3	@(x,y) 17	x.*exp(y)+y.*exp(x)	@(x,y) -(x.*exp(y)+y.*exp(x))	50
351	13000	3	@(x,y) 17	-2*exp(-x-y)	@(x,y) 1./exp(x+y)	51
352	13000	3	@(x,y) 17	- (4*exp(1./(x + y + 2)))./(x + y + 2).^3 - (2*exp(1./(x + y + 2)))./(x + y + 2).^4	@(x,y) exp(1./(x+y+2))	52
353	13000	3	@(x,y) 17	        - 1./cos(y) - 1./sin(x) - (2*cos(x).^2)./sin(x).^3 - (2*sin(y).^2)./cos(y).^3	@(x,y) 1./sin(x) + 1./cos(y)	53
354	13000	3	@(x,y) 17	                                                             -4./(x + y - 4).^3	@(x,y) 1./(x+y-4)	54
355	13000	3	@(x,y) 17	1./(x.^2 + y + 5).^2 - 2./(x.^2 + y + 5) + (4*x.^2)./(x.^2 + y + 5).^2	@(x,y) log(x.^2+y+5)	55
356	13000	3	@(x,y) 17	(-2./(x + y - 7).^2)	@(x,y) log(1./(x+y-7))	56
357	13000	3	@(x,y) 17	(-4*x.^2*exp(2*x.*y)-4*y.^2*exp(2*x.*y))	@(x,y) exp(2*x.*y)	57
358	13000	3	@(x,y) 17	sin(y)./(x - 2) - (2*sin(y))./(x - 2).^3	@(x,y) sin(y)./(x-2)	58
359	13000	3	@(x,y) 17	- 2./(x - 3).^3 - 2./(y - 3).^3	@(x,y) 1./(x-3) + 1./(y-3)	59
360	13000	3	@(x,y) 17	-(2*x)./y.^3	@(x,y) x./y	60
361	13000	3	@(x,y) 91	12*x.^2+12*y.^2	@(x,y) -x.^4 - y.^4	61
362	13000	3	@(x,y) 91	 18*pi^2*cos(3*pi*y).*sin(3*pi*x)	@(x,y) sin(3*pi*x).*cos(3*pi*y)	62
363	13000	3	@(x,y) 91	 -3.*x	@(x,y) x.^3/2 + y	63
364	13000	3	@(x,y) 91	 -2*exp(x + y)	@(x,y) exp(x+y)	64
365	13000	3	@(x,y) 91	x.^2.*exp(y).*sin(x.*y) - 2*x.*exp(y).*cos(x.*y) - exp(y).*sin(x.*y) + y.^2*exp(y).*sin(x.*y)	@(x,y) sin(x.*y).*exp(y)	65
366	13000	3	@(x,y) 91	 (100*(x.^2).*pi^2.*sin(10*pi*x.*y) + 100*y.^2*pi^2.*sin(10*pi*x.*y)	@(x,y) sin(10*pi*x.*y)	66
367	13000	3	@(x,y) 91	 (- 3./(4*(x.^2 + y).^(1/2)) - 3*(x.^2 + y).^(1/2) - (3*x.^2)./(x.^2 + y).^(1/2))	@(x,y) (x.^2+y).^1.5	67
368	13000	3	@(x,y) 91	(pi^2.*cos((pi*x)./(y + 1)))./(y + 1).^2 + (2*x.*pi.*sin((pi*x)./(y + 1)))./(y + 1).^3 + (x.^2*pi^2.*cos((pi*x)./(y + 1)))./(y + 1).^4	@(x,y) cos(pi*x./(y+1))	68
369	13000	3	@(x,y) 91	-2*x.^3 + 6 * x .* y.^2	@(x,y) (x.^3).*(y.^2)	69
370	13000	3	@(x,y) 91	x.*exp(y)+y.*exp(x)	@(x,y) -(x.*exp(y)+y.*exp(x))	70
371	13000	3	@(x,y) 91	-2*exp(-x-y)	@(x,y) 1./exp(x+y)	71
372	13000	3	@(x,y) 91	- (4*exp(1./(x + y + 2)))./(x + y + 2).^3 - (2*exp(1./(x + y + 2)))./(x + y + 2).^4	@(x,y) exp(1./(x+y+2))	72
373	13000	3	@(x,y) 91	        - 1./cos(y) - 1./sin(x) - (2*cos(x).^2)./sin(x).^3 - (2*sin(y).^2)./cos(y).^3	@(x,y) 1./sin(x) + 1./cos(y)	73
374	13000	3	@(x,y) 91	                                                             -4./(x + y - 4).^3	@(x,y) 1./(x+y-4)	74
375	13000	3	@(x,y) 91	1./(x.^2 + y + 5).^2 - 2./(x.^2 + y + 5) + (4*x.^2)./(x.^2 + y + 5).^2	@(x,y) log(x.^2+y+5)	75
376	13000	3	@(x,y) 91	(-2./(x + y - 7).^2)	@(x,y) log(1./(x+y-7))	76
377	13000	3	@(x,y) 91	(-4*x.^2*exp(2*x.*y)-4*y.^2*exp(2*x.*y))	@(x,y) exp(2*x.*y)	77
378	13000	3	@(x,y) 91	sin(y)./(x - 2) - (2*sin(y))./(x - 2).^3	@(x,y) sin(y)./(x-2)	78
379	13000	3	@(x,y) 91	- 2./(x - 3).^3 - 2./(y - 3).^3	@(x,y) 1./(x-3) + 1./(y-3)	79
380	13000	3	@(x,y) 91	-(2*x)./y.^3	@(x,y) x./y	80
381	13000	3	@(x,y) 0.1	12*x.^2+12*y.^2	@(x,y) -x.^4 - y.^4	81
382	13000	3	@(x,y) 0.1	 18*pi^2*cos(3*pi*y).*sin(3*pi*x)	@(x,y) sin(3*pi*x).*cos(3*pi*y)	82
383	13000	3	@(x,y) 0.1	 -3.*x	@(x,y) x.^3/2 + y	83
384	13000	3	@(x,y) 0.1	 -2*exp(x + y)	@(x,y) exp(x+y)	84
385	13000	3	@(x,y) 0.1	x.^2.*exp(y).*sin(x.*y) - 2*x.*exp(y).*cos(x.*y) - exp(y).*sin(x.*y) + y.^2*exp(y).*sin(x.*y)	@(x,y) sin(x.*y).*exp(y)	85
386	13000	3	@(x,y) 0.1	 (100*(x.^2).*pi^2.*sin(10*pi*x.*y) + 100*y.^2*pi^2.*sin(10*pi*x.*y)	@(x,y) sin(10*pi*x.*y)	86
387	13000	3	@(x,y) 0.1	 (- 3./(4*(x.^2 + y).^(1/2)) - 3*(x.^2 + y).^(1/2) - (3*x.^2)./(x.^2 + y).^(1/2))	@(x,y) (x.^2+y).^1.5	87
388	13000	3	@(x,y) 0.1	(pi^2.*cos((pi*x)./(y + 1)))./(y + 1).^2 + (2*x.*pi.*sin((pi*x)./(y + 1)))./(y + 1).^3 + (x.^2*pi^2.*cos((pi*x)./(y + 1)))./(y + 1).^4	@(x,y) cos(pi*x./(y+1))	88
389	13000	3	@(x,y) 0.1	-2*x.^3 + 6 * x .* y.^2	@(x,y) (x.^3).*(y.^2)	89
390	13000	3	@(x,y) 0.1	x.*exp(y)+y.*exp(x)	@(x,y) -(x.*exp(y)+y.*exp(x))	90
391	13000	3	@(x,y) 0.1	-2*exp(-x-y)	@(x,y) 1./exp(x+y)	91
392	13000	3	@(x,y) 0.1	- (4*exp(1./(x + y + 2)))./(x + y + 2).^3 - (2*exp(1./(x + y + 2)))./(x + y + 2).^4	@(x,y) exp(1./(x+y+2))	92
393	13000	3	@(x,y) 0.1	        - 1./cos(y) - 1./sin(x) - (2*cos(x).^2)./sin(x).^3 - (2*sin(y).^2)./cos(y).^3	@(x,y) 1./sin(x) + 1./cos(y)	93
394	13000	3	@(x,y) 0.1	                                                             -4./(x + y - 4).^3	@(x,y) 1./(x+y-4)	94
395	13000	3	@(x,y) 0.1	1./(x.^2 + y + 5).^2 - 2./(x.^2 + y + 5) + (4*x.^2)./(x.^2 + y + 5).^2	@(x,y) log(x.^2+y+5)	95
396	13000	3	@(x,y) 0.1	(-2./(x + y - 7).^2)	@(x,y) log(1./(x+y-7))	96
397	13000	3	@(x,y) 0.1	(-4*x.^2*exp(2*x.*y)-4*y.^2*exp(2*x.*y))	@(x,y) exp(2*x.*y)	97
398	13000	3	@(x,y) 0.1	sin(y)./(x - 2) - (2*sin(y))./(x - 2).^3	@(x,y) sin(y)./(x-2)	98
399	13000	3	@(x,y) 0.1	- 2./(x - 3).^3 - 2./(y - 3).^3	@(x,y) 1./(x-3) + 1./(y-3)	99
400	13000	3	@(x,y) 0.1	-(2*x)./y.^3	@(x,y) x./y	100
401	16000	1	@(x,y) 1.2 + (x>0.5)	12*x.^2+12*y.^2	@(x,y) -x.^4 - y.^4	1
402	16000	1	@(x,y) 1.2 + (x>0.5)	 18*pi^2*cos(3*pi*y).*sin(3*pi*x)	@(x,y) sin(3*pi*x).*cos(3*pi*y)	2
403	16000	1	@(x,y) 1.2 + (x>0.5)	 -3.*x	@(x,y) x.^3/2 + y	3
404	16000	1	@(x,y) 1.2 + (x>0.5)	 -2*exp(x + y)	@(x,y) exp(x+y)	4
405	16000	1	@(x,y) 1.2 + (x>0.5)	x.^2.*exp(y).*sin(x.*y) - 2*x.*exp(y).*cos(x.*y) - exp(y).*sin(x.*y) + y.^2*exp(y).*sin(x.*y)	@(x,y) sin(x.*y).*exp(y)	5
406	16000	1	@(x,y) 1.2 + (x>0.5)	 (100*(x.^2).*pi^2.*sin(10*pi*x.*y) + 100*y.^2*pi^2.*sin(10*pi*x.*y)	@(x,y) sin(10*pi*x.*y)	6
407	16000	1	@(x,y) 1.2 + (x>0.5)	 (- 3./(4*(x.^2 + y).^(1/2)) - 3*(x.^2 + y).^(1/2) - (3*x.^2)./(x.^2 + y).^(1/2))	@(x,y) (x.^2+y).^1.5	7
408	16000	1	@(x,y) 1.2 + (x>0.5)	(pi^2.*cos((pi*x)./(y + 1)))./(y + 1).^2 + (2*x.*pi.*sin((pi*x)./(y + 1)))./(y + 1).^3 + (x.^2*pi^2.*cos((pi*x)./(y + 1)))./(y + 1).^4	@(x,y) cos(pi*x./(y+1))	8
409	16000	1	@(x,y) 1.2 + (x>0.5)	-2*x.^3 + 6 * x .* y.^2	@(x,y) (x.^3).*(y.^2)	9
410	16000	1	@(x,y) 1.2 + (x>0.5)	x.*exp(y)+y.*exp(x)	@(x,y) -(x.*exp(y)+y.*exp(x))	10
411	16000	1	@(x,y) 1.2 + (x>0.5)	-2*exp(-x-y)	@(x,y) 1./exp(x+y)	11
412	16000	1	@(x,y) 1.2 + (x>0.5)	- (4*exp(1./(x + y + 2)))./(x + y + 2).^3 - (2*exp(1./(x + y + 2)))./(x + y + 2).^4	@(x,y) exp(1./(x+y+2))	12
413	16000	1	@(x,y) 1.2 + (x>0.5)	        - 1./cos(y) - 1./sin(x) - (2*cos(x).^2)./sin(x).^3 - (2*sin(y).^2)./cos(y).^3	@(x,y) 1./sin(x) + 1./cos(y)	13
414	16000	1	@(x,y) 1.2 + (x>0.5)	                                                             -4./(x + y - 4).^3	@(x,y) 1./(x+y-4)	14
415	16000	1	@(x,y) 1.2 + (x>0.5)	1./(x.^2 + y + 5).^2 - 2./(x.^2 + y + 5) + (4*x.^2)./(x.^2 + y + 5).^2	@(x,y) log(x.^2+y+5)	15
416	16000	1	@(x,y) 1.2 + (x>0.5)	(-2./(x + y - 7).^2)	@(x,y) log(1./(x+y-7))	16
417	16000	1	@(x,y) 1.2 + (x>0.5)	(-4*x.^2*exp(2*x.*y)-4*y.^2*exp(2*x.*y))	@(x,y) exp(2*x.*y)	17
418	16000	1	@(x,y) 1.2 + (x>0.5)	sin(y)./(x - 2) - (2*sin(y))./(x - 2).^3	@(x,y) sin(y)./(x-2)	18
419	16000	1	@(x,y) 1.2 + (x>0.5)	- 2./(x - 3).^3 - 2./(y - 3).^3	@(x,y) 1./(x-3) + 1./(y-3)	19
420	16000	1	@(x,y) 1.2 + (x>0.5)	-(2*x)./y.^3	@(x,y) x./y	20
421	16000	1	@(x,y) 1.4	12*x.^2+12*y.^2	@(x,y) -x.^4 - y.^4	21
422	16000	1	@(x,y) 1.4	 18*pi^2*cos(3*pi*y).*sin(3*pi*x)	@(x,y) sin(3*pi*x).*cos(3*pi*y)	22
423	16000	1	@(x,y) 1.4	 -3.*x	@(x,y) x.^3/2 + y	23
424	16000	1	@(x,y) 1.4	 -2*exp(x + y)	@(x,y) exp(x+y)	24
425	16000	1	@(x,y) 1.4	x.^2.*exp(y).*sin(x.*y) - 2*x.*exp(y).*cos(x.*y) - exp(y).*sin(x.*y) + y.^2*exp(y).*sin(x.*y)	@(x,y) sin(x.*y).*exp(y)	25
426	16000	1	@(x,y) 1.4	 (100*(x.^2).*pi^2.*sin(10*pi*x.*y) + 100*y.^2*pi^2.*sin(10*pi*x.*y)	@(x,y) sin(10*pi*x.*y)	26
427	16000	1	@(x,y) 1.4	 (- 3./(4*(x.^2 + y).^(1/2)) - 3*(x.^2 + y).^(1/2) - (3*x.^2)./(x.^2 + y).^(1/2))	@(x,y) (x.^2+y).^1.5	27
428	16000	1	@(x,y) 1.4	(pi^2.*cos((pi*x)./(y + 1)))./(y + 1).^2 + (2*x.*pi.*sin((pi*x)./(y + 1)))./(y + 1).^3 + (x.^2*pi^2.*cos((pi*x)./(y + 1)))./(y + 1).^4	@(x,y) cos(pi*x./(y+1))	28
429	16000	1	@(x,y) 1.4	-2*x.^3 + 6 * x .* y.^2	@(x,y) (x.^3).*(y.^2)	29
430	16000	1	@(x,y) 1.4	x.*exp(y)+y.*exp(x)	@(x,y) -(x.*exp(y)+y.*exp(x))	30
431	16000	1	@(x,y) 1.4	-2*exp(-x-y)	@(x,y) 1./exp(x+y)	31
432	16000	1	@(x,y) 1.4	- (4*exp(1./(x + y + 2)))./(x + y + 2).^3 - (2*exp(1./(x + y + 2)))./(x + y + 2).^4	@(x,y) exp(1./(x+y+2))	32
433	16000	1	@(x,y) 1.4	        - 1./cos(y) - 1./sin(x) - (2*cos(x).^2)./sin(x).^3 - (2*sin(y).^2)./cos(y).^3	@(x,y) 1./sin(x) + 1./cos(y)	33
434	16000	1	@(x,y) 1.4	                                                             -4./(x + y - 4).^3	@(x,y) 1./(x+y-4)	34
435	16000	1	@(x,y) 1.4	1./(x.^2 + y + 5).^2 - 2./(x.^2 + y + 5) + (4*x.^2)./(x.^2 + y + 5).^2	@(x,y) log(x.^2+y+5)	35
436	16000	1	@(x,y) 1.4	(-2./(x + y - 7).^2)	@(x,y) log(1./(x+y-7))	36
437	16000	1	@(x,y) 1.4	(-4*x.^2*exp(2*x.*y)-4*y.^2*exp(2*x.*y))	@(x,y) exp(2*x.*y)	37
438	16000	1	@(x,y) 1.4	sin(y)./(x - 2) - (2*sin(y))./(x - 2).^3	@(x,y) sin(y)./(x-2)	38
439	16000	1	@(x,y) 1.4	- 2./(x - 3).^3 - 2./(y - 3).^3	@(x,y) 1./(x-3) + 1./(y-3)	39
440	16000	1	@(x,y) 1.4	-(2*x)./y.^3	@(x,y) x./y	40
441	16000	1	@(x,y) 17	12*x.^2+12*y.^2	@(x,y) -x.^4 - y.^4	41
442	16000	1	@(x,y) 17	 18*pi^2*cos(3*pi*y).*sin(3*pi*x)	@(x,y) sin(3*pi*x).*cos(3*pi*y)	42
443	16000	1	@(x,y) 17	 -3.*x	@(x,y) x.^3/2 + y	43
444	16000	1	@(x,y) 17	 -2*exp(x + y)	@(x,y) exp(x+y)	44
445	16000	1	@(x,y) 17	x.^2.*exp(y).*sin(x.*y) - 2*x.*exp(y).*cos(x.*y) - exp(y).*sin(x.*y) + y.^2*exp(y).*sin(x.*y)	@(x,y) sin(x.*y).*exp(y)	45
446	16000	1	@(x,y) 17	 (100*(x.^2).*pi^2.*sin(10*pi*x.*y) + 100*y.^2*pi^2.*sin(10*pi*x.*y)	@(x,y) sin(10*pi*x.*y)	46
447	16000	1	@(x,y) 17	 (- 3./(4*(x.^2 + y).^(1/2)) - 3*(x.^2 + y).^(1/2) - (3*x.^2)./(x.^2 + y).^(1/2))	@(x,y) (x.^2+y).^1.5	47
448	16000	1	@(x,y) 17	(pi^2.*cos((pi*x)./(y + 1)))./(y + 1).^2 + (2*x.*pi.*sin((pi*x)./(y + 1)))./(y + 1).^3 + (x.^2*pi^2.*cos((pi*x)./(y + 1)))./(y + 1).^4	@(x,y) cos(pi*x./(y+1))	48
449	16000	1	@(x,y) 17	-2*x.^3 + 6 * x .* y.^2	@(x,y) (x.^3).*(y.^2)	49
450	16000	1	@(x,y) 17	x.*exp(y)+y.*exp(x)	@(x,y) -(x.*exp(y)+y.*exp(x))	50
451	16000	1	@(x,y) 17	-2*exp(-x-y)	@(x,y) 1./exp(x+y)	51
452	16000	1	@(x,y) 17	- (4*exp(1./(x + y + 2)))./(x + y + 2).^3 - (2*exp(1./(x + y + 2)))./(x + y + 2).^4	@(x,y) exp(1./(x+y+2))	52
453	16000	1	@(x,y) 17	        - 1./cos(y) - 1./sin(x) - (2*cos(x).^2)./sin(x).^3 - (2*sin(y).^2)./cos(y).^3	@(x,y) 1./sin(x) + 1./cos(y)	53
454	16000	1	@(x,y) 17	                                                             -4./(x + y - 4).^3	@(x,y) 1./(x+y-4)	54
455	16000	1	@(x,y) 17	1./(x.^2 + y + 5).^2 - 2./(x.^2 + y + 5) + (4*x.^2)./(x.^2 + y + 5).^2	@(x,y) log(x.^2+y+5)	55
456	16000	1	@(x,y) 17	(-2./(x + y - 7).^2)	@(x,y) log(1./(x+y-7))	56
457	16000	1	@(x,y) 17	(-4*x.^2*exp(2*x.*y)-4*y.^2*exp(2*x.*y))	@(x,y) exp(2*x.*y)	57
458	16000	1	@(x,y) 17	sin(y)./(x - 2) - (2*sin(y))./(x - 2).^3	@(x,y) sin(y)./(x-2)	58
459	16000	1	@(x,y) 17	- 2./(x - 3).^3 - 2./(y - 3).^3	@(x,y) 1./(x-3) + 1./(y-3)	59
460	16000	1	@(x,y) 17	-(2*x)./y.^3	@(x,y) x./y	60
461	16000	1	@(x,y) 91	12*x.^2+12*y.^2	@(x,y) -x.^4 - y.^4	61
462	16000	1	@(x,y) 91	 18*pi^2*cos(3*pi*y).*sin(3*pi*x)	@(x,y) sin(3*pi*x).*cos(3*pi*y)	62
463	16000	1	@(x,y) 91	 -3.*x	@(x,y) x.^3/2 + y	63
464	16000	1	@(x,y) 91	 -2*exp(x + y)	@(x,y) exp(x+y)	64
465	16000	1	@(x,y) 91	x.^2.*exp(y).*sin(x.*y) - 2*x.*exp(y).*cos(x.*y) - exp(y).*sin(x.*y) + y.^2*exp(y).*sin(x.*y)	@(x,y) sin(x.*y).*exp(y)	65
466	16000	1	@(x,y) 91	 (100*(x.^2).*pi^2.*sin(10*pi*x.*y) + 100*y.^2*pi^2.*sin(10*pi*x.*y)	@(x,y) sin(10*pi*x.*y)	66
467	16000	1	@(x,y) 91	 (- 3./(4*(x.^2 + y).^(1/2)) - 3*(x.^2 + y).^(1/2) - (3*x.^2)./(x.^2 + y).^(1/2))	@(x,y) (x.^2+y).^1.5	67
468	16000	1	@(x,y) 91	(pi^2.*cos((pi*x)./(y + 1)))./(y + 1).^2 + (2*x.*pi.*sin((pi*x)./(y + 1)))./(y + 1).^3 + (x.^2*pi^2.*cos((pi*x)./(y + 1)))./(y + 1).^4	@(x,y) cos(pi*x./(y+1))	68
469	16000	1	@(x,y) 91	-2*x.^3 + 6 * x .* y.^2	@(x,y) (x.^3).*(y.^2)	69
470	16000	1	@(x,y) 91	x.*exp(y)+y.*exp(x)	@(x,y) -(x.*exp(y)+y.*exp(x))	70
471	16000	1	@(x,y) 91	-2*exp(-x-y)	@(x,y) 1./exp(x+y)	71
472	16000	1	@(x,y) 91	- (4*exp(1./(x + y + 2)))./(x + y + 2).^3 - (2*exp(1./(x + y + 2)))./(x + y + 2).^4	@(x,y) exp(1./(x+y+2))	72
473	16000	1	@(x,y) 91	        - 1./cos(y) - 1./sin(x) - (2*cos(x).^2)./sin(x).^3 - (2*sin(y).^2)./cos(y).^3	@(x,y) 1./sin(x) + 1./cos(y)	73
474	16000	1	@(x,y) 91	                                                             -4./(x + y - 4).^3	@(x,y) 1./(x+y-4)	74
475	16000	1	@(x,y) 91	1./(x.^2 + y + 5).^2 - 2./(x.^2 + y + 5) + (4*x.^2)./(x.^2 + y + 5).^2	@(x,y) log(x.^2+y+5)	75
476	16000	1	@(x,y) 91	(-2./(x + y - 7).^2)	@(x,y) log(1./(x+y-7))	76
477	16000	1	@(x,y) 91	(-4*x.^2*exp(2*x.*y)-4*y.^2*exp(2*x.*y))	@(x,y) exp(2*x.*y)	77
478	16000	1	@(x,y) 91	sin(y)./(x - 2) - (2*sin(y))./(x - 2).^3	@(x,y) sin(y)./(x-2)	78
479	16000	1	@(x,y) 91	- 2./(x - 3).^3 - 2./(y - 3).^3	@(x,y) 1./(x-3) + 1./(y-3)	79
480	16000	1	@(x,y) 91	-(2*x)./y.^3	@(x,y) x./y	80
481	16000	1	@(x,y) 0.1	12*x.^2+12*y.^2	@(x,y) -x.^4 - y.^4	81
482	16000	1	@(x,y) 0.1	 18*pi^2*cos(3*pi*y).*sin(3*pi*x)	@(x,y) sin(3*pi*x).*cos(3*pi*y)	82
483	16000	1	@(x,y) 0.1	 -3.*x	@(x,y) x.^3/2 + y	83
484	16000	1	@(x,y) 0.1	 -2*exp(x + y)	@(x,y) exp(x+y)	84
485	16000	1	@(x,y) 0.1	x.^2.*exp(y).*sin(x.*y) - 2*x.*exp(y).*cos(x.*y) - exp(y).*sin(x.*y) + y.^2*exp(y).*sin(x.*y)	@(x,y) sin(x.*y).*exp(y)	85
486	16000	1	@(x,y) 0.1	 (100*(x.^2).*pi^2.*sin(10*pi*x.*y) + 100*y.^2*pi^2.*sin(10*pi*x.*y)	@(x,y) sin(10*pi*x.*y)	86
487	16000	1	@(x,y) 0.1	 (- 3./(4*(x.^2 + y).^(1/2)) - 3*(x.^2 + y).^(1/2) - (3*x.^2)./(x.^2 + y).^(1/2))	@(x,y) (x.^2+y).^1.5	87
488	16000	1	@(x,y) 0.1	(pi^2.*cos((pi*x)./(y + 1)))./(y + 1).^2 + (2*x.*pi.*sin((pi*x)./(y + 1)))./(y + 1).^3 + (x.^2*pi^2.*cos((pi*x)./(y + 1)))./(y + 1).^4	@(x,y) cos(pi*x./(y+1))	88
489	16000	1	@(x,y) 0.1	-2*x.^3 + 6 * x .* y.^2	@(x,y) (x.^3).*(y.^2)	89
490	16000	1	@(x,y) 0.1	x.*exp(y)+y.*exp(x)	@(x,y) -(x.*exp(y)+y.*exp(x))	90
491	16000	1	@(x,y) 0.1	-2*exp(-x-y)	@(x,y) 1./exp(x+y)	91
492	16000	1	@(x,y) 0.1	- (4*exp(1./(x + y + 2)))./(x + y + 2).^3 - (2*exp(1./(x + y + 2)))./(x + y + 2).^4	@(x,y) exp(1./(x+y+2))	92
493	16000	1	@(x,y) 0.1	        - 1./cos(y) - 1./sin(x) - (2*cos(x).^2)./sin(x).^3 - (2*sin(y).^2)./cos(y).^3	@(x,y) 1./sin(x) + 1./cos(y)	93
494	16000	1	@(x,y) 0.1	                                                             -4./(x + y - 4).^3	@(x,y) 1./(x+y-4)	94
495	16000	1	@(x,y) 0.1	1./(x.^2 + y + 5).^2 - 2./(x.^2 + y + 5) + (4*x.^2)./(x.^2 + y + 5).^2	@(x,y) log(x.^2+y+5)	95
496	16000	1	@(x,y) 0.1	(-2./(x + y - 7).^2)	@(x,y) log(1./(x+y-7))	96
497	16000	1	@(x,y) 0.1	(-4*x.^2*exp(2*x.*y)-4*y.^2*exp(2*x.*y))	@(x,y) exp(2*x.*y)	97
498	16000	1	@(x,y) 0.1	sin(y)./(x - 2) - (2*sin(y))./(x - 2).^3	@(x,y) sin(y)./(x-2)	98
499	16000	1	@(x,y) 0.1	- 2./(x - 3).^3 - 2./(y - 3).^3	@(x,y) 1./(x-3) + 1./(y-3)	99
500	16000	1	@(x,y) 0.1	-(2*x)./y.^3	@(x,y) x./y	100
501	16000	3	@(x,y) 1.2 + (x>0.5)	12*x.^2+12*y.^2	@(x,y) -x.^4 - y.^4	1
502	16000	3	@(x,y) 1.2 + (x>0.5)	 18*pi^2*cos(3*pi*y).*sin(3*pi*x)	@(x,y) sin(3*pi*x).*cos(3*pi*y)	2
503	16000	3	@(x,y) 1.2 + (x>0.5)	 -3.*x	@(x,y) x.^3/2 + y	3
504	16000	3	@(x,y) 1.2 + (x>0.5)	 -2*exp(x + y)	@(x,y) exp(x+y)	4
505	16000	3	@(x,y) 1.2 + (x>0.5)	x.^2.*exp(y).*sin(x.*y) - 2*x.*exp(y).*cos(x.*y) - exp(y).*sin(x.*y) + y.^2*exp(y).*sin(x.*y)	@(x,y) sin(x.*y).*exp(y)	5
506	16000	3	@(x,y) 1.2 + (x>0.5)	 (100*(x.^2).*pi^2.*sin(10*pi*x.*y) + 100*y.^2*pi^2.*sin(10*pi*x.*y)	@(x,y) sin(10*pi*x.*y)	6
507	16000	3	@(x,y) 1.2 + (x>0.5)	 (- 3./(4*(x.^2 + y).^(1/2)) - 3*(x.^2 + y).^(1/2) - (3*x.^2)./(x.^2 + y).^(1/2))	@(x,y) (x.^2+y).^1.5	7
508	16000	3	@(x,y) 1.2 + (x>0.5)	(pi^2.*cos((pi*x)./(y + 1)))./(y + 1).^2 + (2*x.*pi.*sin((pi*x)./(y + 1)))./(y + 1).^3 + (x.^2*pi^2.*cos((pi*x)./(y + 1)))./(y + 1).^4	@(x,y) cos(pi*x./(y+1))	8
509	16000	3	@(x,y) 1.2 + (x>0.5)	-2*x.^3 + 6 * x .* y.^2	@(x,y) (x.^3).*(y.^2)	9
510	16000	3	@(x,y) 1.2 + (x>0.5)	x.*exp(y)+y.*exp(x)	@(x,y) -(x.*exp(y)+y.*exp(x))	10
511	16000	3	@(x,y) 1.2 + (x>0.5)	-2*exp(-x-y)	@(x,y) 1./exp(x+y)	11
512	16000	3	@(x,y) 1.2 + (x>0.5)	- (4*exp(1./(x + y + 2)))./(x + y + 2).^3 - (2*exp(1./(x + y + 2)))./(x + y + 2).^4	@(x,y) exp(1./(x+y+2))	12
513	16000	3	@(x,y) 1.2 + (x>0.5)	        - 1./cos(y) - 1./sin(x) - (2*cos(x).^2)./sin(x).^3 - (2*sin(y).^2)./cos(y).^3	@(x,y) 1./sin(x) + 1./cos(y)	13
514	16000	3	@(x,y) 1.2 + (x>0.5)	                                                             -4./(x + y - 4).^3	@(x,y) 1./(x+y-4)	14
515	16000	3	@(x,y) 1.2 + (x>0.5)	1./(x.^2 + y + 5).^2 - 2./(x.^2 + y + 5) + (4*x.^2)./(x.^2 + y + 5).^2	@(x,y) log(x.^2+y+5)	15
516	16000	3	@(x,y) 1.2 + (x>0.5)	(-2./(x + y - 7).^2)	@(x,y) log(1./(x+y-7))	16
517	16000	3	@(x,y) 1.2 + (x>0.5)	(-4*x.^2*exp(2*x.*y)-4*y.^2*exp(2*x.*y))	@(x,y) exp(2*x.*y)	17
518	16000	3	@(x,y) 1.2 + (x>0.5)	sin(y)./(x - 2) - (2*sin(y))./(x - 2).^3	@(x,y) sin(y)./(x-2)	18
519	16000	3	@(x,y) 1.2 + (x>0.5)	- 2./(x - 3).^3 - 2./(y - 3).^3	@(x,y) 1./(x-3) + 1./(y-3)	19
520	16000	3	@(x,y) 1.2 + (x>0.5)	-(2*x)./y.^3	@(x,y) x./y	20
521	16000	3	@(x,y) 1.4	12*x.^2+12*y.^2	@(x,y) -x.^4 - y.^4	21
522	16000	3	@(x,y) 1.4	 18*pi^2*cos(3*pi*y).*sin(3*pi*x)	@(x,y) sin(3*pi*x).*cos(3*pi*y)	22
523	16000	3	@(x,y) 1.4	 -3.*x	@(x,y) x.^3/2 + y	23
524	16000	3	@(x,y) 1.4	 -2*exp(x + y)	@(x,y) exp(x+y)	24
525	16000	3	@(x,y) 1.4	x.^2.*exp(y).*sin(x.*y) - 2*x.*exp(y).*cos(x.*y) - exp(y).*sin(x.*y) + y.^2*exp(y).*sin(x.*y)	@(x,y) sin(x.*y).*exp(y)	25
526	16000	3	@(x,y) 1.4	 (100*(x.^2).*pi^2.*sin(10*pi*x.*y) + 100*y.^2*pi^2.*sin(10*pi*x.*y)	@(x,y) sin(10*pi*x.*y)	26
527	16000	3	@(x,y) 1.4	 (- 3./(4*(x.^2 + y).^(1/2)) - 3*(x.^2 + y).^(1/2) - (3*x.^2)./(x.^2 + y).^(1/2))	@(x,y) (x.^2+y).^1.5	27
528	16000	3	@(x,y) 1.4	(pi^2.*cos((pi*x)./(y + 1)))./(y + 1).^2 + (2*x.*pi.*sin((pi*x)./(y + 1)))./(y + 1).^3 + (x.^2*pi^2.*cos((pi*x)./(y + 1)))./(y + 1).^4	@(x,y) cos(pi*x./(y+1))	28
529	16000	3	@(x,y) 1.4	-2*x.^3 + 6 * x .* y.^2	@(x,y) (x.^3).*(y.^2)	29
530	16000	3	@(x,y) 1.4	x.*exp(y)+y.*exp(x)	@(x,y) -(x.*exp(y)+y.*exp(x))	30
531	16000	3	@(x,y) 1.4	-2*exp(-x-y)	@(x,y) 1./exp(x+y)	31
532	16000	3	@(x,y) 1.4	- (4*exp(1./(x + y + 2)))./(x + y + 2).^3 - (2*exp(1./(x + y + 2)))./(x + y + 2).^4	@(x,y) exp(1./(x+y+2))	32
533	16000	3	@(x,y) 1.4	        - 1./cos(y) - 1./sin(x) - (2*cos(x).^2)./sin(x).^3 - (2*sin(y).^2)./cos(y).^3	@(x,y) 1./sin(x) + 1./cos(y)	33
534	16000	3	@(x,y) 1.4	                                                             -4./(x + y - 4).^3	@(x,y) 1./(x+y-4)	34
535	16000	3	@(x,y) 1.4	1./(x.^2 + y + 5).^2 - 2./(x.^2 + y + 5) + (4*x.^2)./(x.^2 + y + 5).^2	@(x,y) log(x.^2+y+5)	35
536	16000	3	@(x,y) 1.4	(-2./(x + y - 7).^2)	@(x,y) log(1./(x+y-7))	36
537	16000	3	@(x,y) 1.4	(-4*x.^2*exp(2*x.*y)-4*y.^2*exp(2*x.*y))	@(x,y) exp(2*x.*y)	37
538	16000	3	@(x,y) 1.4	sin(y)./(x - 2) - (2*sin(y))./(x - 2).^3	@(x,y) sin(y)./(x-2)	38
539	16000	3	@(x,y) 1.4	- 2./(x - 3).^3 - 2./(y - 3).^3	@(x,y) 1./(x-3) + 1./(y-3)	39
540	16000	3	@(x,y) 1.4	-(2*x)./y.^3	@(x,y) x./y	40
541	16000	3	@(x,y) 17	12*x.^2+12*y.^2	@(x,y) -x.^4 - y.^4	41
542	16000	3	@(x,y) 17	 18*pi^2*cos(3*pi*y).*sin(3*pi*x)	@(x,y) sin(3*pi*x).*cos(3*pi*y)	42
543	16000	3	@(x,y) 17	 -3.*x	@(x,y) x.^3/2 + y	43
544	16000	3	@(x,y) 17	 -2*exp(x + y)	@(x,y) exp(x+y)	44
545	16000	3	@(x,y) 17	x.^2.*exp(y).*sin(x.*y) - 2*x.*exp(y).*cos(x.*y) - exp(y).*sin(x.*y) + y.^2*exp(y).*sin(x.*y)	@(x,y) sin(x.*y).*exp(y)	45
546	16000	3	@(x,y) 17	 (100*(x.^2).*pi^2.*sin(10*pi*x.*y) + 100*y.^2*pi^2.*sin(10*pi*x.*y)	@(x,y) sin(10*pi*x.*y)	46
547	16000	3	@(x,y) 17	 (- 3./(4*(x.^2 + y).^(1/2)) - 3*(x.^2 + y).^(1/2) - (3*x.^2)./(x.^2 + y).^(1/2))	@(x,y) (x.^2+y).^1.5	47
548	16000	3	@(x,y) 17	(pi^2.*cos((pi*x)./(y + 1)))./(y + 1).^2 + (2*x.*pi.*sin((pi*x)./(y + 1)))./(y + 1).^3 + (x.^2*pi^2.*cos((pi*x)./(y + 1)))./(y + 1).^4	@(x,y) cos(pi*x./(y+1))	48
549	16000	3	@(x,y) 17	-2*x.^3 + 6 * x .* y.^2	@(x,y) (x.^3).*(y.^2)	49
550	16000	3	@(x,y) 17	x.*exp(y)+y.*exp(x)	@(x,y) -(x.*exp(y)+y.*exp(x))	50
551	16000	3	@(x,y) 17	-2*exp(-x-y)	@(x,y) 1./exp(x+y)	51
552	16000	3	@(x,y) 17	- (4*exp(1./(x + y + 2)))./(x + y + 2).^3 - (2*exp(1./(x + y + 2)))./(x + y + 2).^4	@(x,y) exp(1./(x+y+2))	52
553	16000	3	@(x,y) 17	        - 1./cos(y) - 1./sin(x) - (2*cos(x).^2)./sin(x).^3 - (2*sin(y).^2)./cos(y).^3	@(x,y) 1./sin(x) + 1./cos(y)	53
554	16000	3	@(x,y) 17	                                                             -4./(x + y - 4).^3	@(x,y) 1./(x+y-4)	54
555	16000	3	@(x,y) 17	1./(x.^2 + y + 5).^2 - 2./(x.^2 + y + 5) + (4*x.^2)./(x.^2 + y + 5).^2	@(x,y) log(x.^2+y+5)	55
556	16000	3	@(x,y) 17	(-2./(x + y - 7).^2)	@(x,y) log(1./(x+y-7))	56
557	16000	3	@(x,y) 17	(-4*x.^2*exp(2*x.*y)-4*y.^2*exp(2*x.*y))	@(x,y) exp(2*x.*y)	57
558	16000	3	@(x,y) 17	sin(y)./(x - 2) - (2*sin(y))./(x - 2).^3	@(x,y) sin(y)./(x-2)	58
559	16000	3	@(x,y) 17	- 2./(x - 3).^3 - 2./(y - 3).^3	@(x,y) 1./(x-3) + 1./(y-3)	59
560	16000	3	@(x,y) 17	-(2*x)./y.^3	@(x,y) x./y	60
561	16000	3	@(x,y) 91	12*x.^2+12*y.^2	@(x,y) -x.^4 - y.^4	61
562	16000	3	@(x,y) 91	 18*pi^2*cos(3*pi*y).*sin(3*pi*x)	@(x,y) sin(3*pi*x).*cos(3*pi*y)	62
563	16000	3	@(x,y) 91	 -3.*x	@(x,y) x.^3/2 + y	63
564	16000	3	@(x,y) 91	 -2*exp(x + y)	@(x,y) exp(x+y)	64
565	16000	3	@(x,y) 91	x.^2.*exp(y).*sin(x.*y) - 2*x.*exp(y).*cos(x.*y) - exp(y).*sin(x.*y) + y.^2*exp(y).*sin(x.*y)	@(x,y) sin(x.*y).*exp(y)	65
566	16000	3	@(x,y) 91	 (100*(x.^2).*pi^2.*sin(10*pi*x.*y) + 100*y.^2*pi^2.*sin(10*pi*x.*y)	@(x,y) sin(10*pi*x.*y)	66
567	16000	3	@(x,y) 91	 (- 3./(4*(x.^2 + y).^(1/2)) - 3*(x.^2 + y).^(1/2) - (3*x.^2)./(x.^2 + y).^(1/2))	@(x,y) (x.^2+y).^1.5	67
568	16000	3	@(x,y) 91	(pi^2.*cos((pi*x)./(y + 1)))./(y + 1).^2 + (2*x.*pi.*sin((pi*x)./(y + 1)))./(y + 1).^3 + (x.^2*pi^2.*cos((pi*x)./(y + 1)))./(y + 1).^4	@(x,y) cos(pi*x./(y+1))	68
569	16000	3	@(x,y) 91	-2*x.^3 + 6 * x .* y.^2	@(x,y) (x.^3).*(y.^2)	69
570	16000	3	@(x,y) 91	x.*exp(y)+y.*exp(x)	@(x,y) -(x.*exp(y)+y.*exp(x))	70
571	16000	3	@(x,y) 91	-2*exp(-x-y)	@(x,y) 1./exp(x+y)	71
572	16000	3	@(x,y) 91	- (4*exp(1./(x + y + 2)))./(x + y + 2).^3 - (2*exp(1./(x + y + 2)))./(x + y + 2).^4	@(x,y) exp(1./(x+y+2))	72
573	16000	3	@(x,y) 91	        - 1./cos(y) - 1./sin(x) - (2*cos(x).^2)./sin(x).^3 - (2*sin(y).^2)./cos(y).^3	@(x,y) 1./sin(x) + 1./cos(y)	73
574	16000	3	@(x,y) 91	                                                             -4./(x + y - 4).^3	@(x,y) 1./(x+y-4)	74
575	16000	3	@(x,y) 91	1./(x.^2 + y + 5).^2 - 2./(x.^2 + y + 5) + (4*x.^2)./(x.^2 + y + 5).^2	@(x,y) log(x.^2+y+5)	75
576	16000	3	@(x,y) 91	(-2./(x + y - 7).^2)	@(x,y) log(1./(x+y-7))	76
577	16000	3	@(x,y) 91	(-4*x.^2*exp(2*x.*y)-4*y.^2*exp(2*x.*y))	@(x,y) exp(2*x.*y)	77
578	16000	3	@(x,y) 91	sin(y)./(x - 2) - (2*sin(y))./(x - 2).^3	@(x,y) sin(y)./(x-2)	78
579	16000	3	@(x,y) 91	- 2./(x - 3).^3 - 2./(y - 3).^3	@(x,y) 1./(x-3) + 1./(y-3)	79
580	16000	3	@(x,y) 91	-(2*x)./y.^3	@(x,y) x./y	80
581	16000	3	@(x,y) 0.1	12*x.^2+12*y.^2	@(x,y) -x.^4 - y.^4	81
582	16000	3	@(x,y) 0.1	 18*pi^2*cos(3*pi*y).*sin(3*pi*x)	@(x,y) sin(3*pi*x).*cos(3*pi*y)	82
583	16000	3	@(x,y) 0.1	 -3.*x	@(x,y) x.^3/2 + y	83
584	16000	3	@(x,y) 0.1	 -2*exp(x + y)	@(x,y) exp(x+y)	84
585	16000	3	@(x,y) 0.1	x.^2.*exp(y).*sin(x.*y) - 2*x.*exp(y).*cos(x.*y) - exp(y).*sin(x.*y) + y.^2*exp(y).*sin(x.*y)	@(x,y) sin(x.*y).*exp(y)	85
586	16000	3	@(x,y) 0.1	 (100*(x.^2).*pi^2.*sin(10*pi*x.*y) + 100*y.^2*pi^2.*sin(10*pi*x.*y)	@(x,y) sin(10*pi*x.*y)	86
587	16000	3	@(x,y) 0.1	 (- 3./(4*(x.^2 + y).^(1/2)) - 3*(x.^2 + y).^(1/2) - (3*x.^2)./(x.^2 + y).^(1/2))	@(x,y) (x.^2+y).^1.5	87
588	16000	3	@(x,y) 0.1	(pi^2.*cos((pi*x)./(y + 1)))./(y + 1).^2 + (2*x.*pi.*sin((pi*x)./(y + 1)))./(y + 1).^3 + (x.^2*pi^2.*cos((pi*x)./(y + 1)))./(y + 1).^4	@(x,y) cos(pi*x./(y+1))	88
589	16000	3	@(x,y) 0.1	-2*x.^3 + 6 * x .* y.^2	@(x,y) (x.^3).*(y.^2)	89
590	16000	3	@(x,y) 0.1	x.*exp(y)+y.*exp(x)	@(x,y) -(x.*exp(y)+y.*exp(x))	90
591	16000	3	@(x,y) 0.1	-2*exp(-x-y)	@(x,y) 1./exp(x+y)	91
592	16000	3	@(x,y) 0.1	- (4*exp(1./(x + y + 2)))./(x + y + 2).^3 - (2*exp(1./(x + y + 2)))./(x + y + 2).^4	@(x,y) exp(1./(x+y+2))	92
593	16000	3	@(x,y) 0.1	        - 1./cos(y) - 1./sin(x) - (2*cos(x).^2)./sin(x).^3 - (2*sin(y).^2)./cos(y).^3	@(x,y) 1./sin(x) + 1./cos(y)	93
594	16000	3	@(x,y) 0.1	                                                             -4./(x + y - 4).^3	@(x,y) 1./(x+y-4)	94
595	16000	3	@(x,y) 0.1	1./(x.^2 + y + 5).^2 - 2./(x.^2 + y + 5) + (4*x.^2)./(x.^2 + y + 5).^2	@(x,y) log(x.^2+y+5)	95
596	16000	3	@(x,y) 0.1	(-2./(x + y - 7).^2)	@(x,y) log(1./(x+y-7))	96
597	16000	3	@(x,y) 0.1	(-4*x.^2*exp(2*x.*y)-4*y.^2*exp(2*x.*y))	@(x,y) exp(2*x.*y)	97
598	16000	3	@(x,y) 0.1	sin(y)./(x - 2) - (2*sin(y))./(x - 2).^3	@(x,y) sin(y)./(x-2)	98
599	16000	3	@(x,y) 0.1	- 2./(x - 3).^3 - 2./(y - 3).^3	@(x,y) 1./(x-3) + 1./(y-3)	99
600	16000	3	@(x,y) 0.1	-(2*x)./y.^3	@(x,y) x./y	100
601	19000	1	@(x,y) 1.2 + (x>0.5)	12*x.^2+12*y.^2	@(x,y) -x.^4 - y.^4	1
602	19000	1	@(x,y) 1.2 + (x>0.5)	 18*pi^2*cos(3*pi*y).*sin(3*pi*x)	@(x,y) sin(3*pi*x).*cos(3*pi*y)	2
603	19000	1	@(x,y) 1.2 + (x>0.5)	 -3.*x	@(x,y) x.^3/2 + y	3
604	19000	1	@(x,y) 1.2 + (x>0.5)	 -2*exp(x + y)	@(x,y) exp(x+y)	4
605	19000	1	@(x,y) 1.2 + (x>0.5)	x.^2.*exp(y).*sin(x.*y) - 2*x.*exp(y).*cos(x.*y) - exp(y).*sin(x.*y) + y.^2*exp(y).*sin(x.*y)	@(x,y) sin(x.*y).*exp(y)	5
606	19000	1	@(x,y) 1.2 + (x>0.5)	 (100*(x.^2).*pi^2.*sin(10*pi*x.*y) + 100*y.^2*pi^2.*sin(10*pi*x.*y)	@(x,y) sin(10*pi*x.*y)	6
607	19000	1	@(x,y) 1.2 + (x>0.5)	 (- 3./(4*(x.^2 + y).^(1/2)) - 3*(x.^2 + y).^(1/2) - (3*x.^2)./(x.^2 + y).^(1/2))	@(x,y) (x.^2+y).^1.5	7
608	19000	1	@(x,y) 1.2 + (x>0.5)	(pi^2.*cos((pi*x)./(y + 1)))./(y + 1).^2 + (2*x.*pi.*sin((pi*x)./(y + 1)))./(y + 1).^3 + (x.^2*pi^2.*cos((pi*x)./(y + 1)))./(y + 1).^4	@(x,y) cos(pi*x./(y+1))	8
609	19000	1	@(x,y) 1.2 + (x>0.5)	-2*x.^3 + 6 * x .* y.^2	@(x,y) (x.^3).*(y.^2)	9
610	19000	1	@(x,y) 1.2 + (x>0.5)	x.*exp(y)+y.*exp(x)	@(x,y) -(x.*exp(y)+y.*exp(x))	10
611	19000	1	@(x,y) 1.2 + (x>0.5)	-2*exp(-x-y)	@(x,y) 1./exp(x+y)	11
612	19000	1	@(x,y) 1.2 + (x>0.5)	- (4*exp(1./(x + y + 2)))./(x + y + 2).^3 - (2*exp(1./(x + y + 2)))./(x + y + 2).^4	@(x,y) exp(1./(x+y+2))	12
613	19000	1	@(x,y) 1.2 + (x>0.5)	        - 1./cos(y) - 1./sin(x) - (2*cos(x).^2)./sin(x).^3 - (2*sin(y).^2)./cos(y).^3	@(x,y) 1./sin(x) + 1./cos(y)	13
614	19000	1	@(x,y) 1.2 + (x>0.5)	                                                             -4./(x + y - 4).^3	@(x,y) 1./(x+y-4)	14
615	19000	1	@(x,y) 1.2 + (x>0.5)	1./(x.^2 + y + 5).^2 - 2./(x.^2 + y + 5) + (4*x.^2)./(x.^2 + y + 5).^2	@(x,y) log(x.^2+y+5)	15
616	19000	1	@(x,y) 1.2 + (x>0.5)	(-2./(x + y - 7).^2)	@(x,y) log(1./(x+y-7))	16
617	19000	1	@(x,y) 1.2 + (x>0.5)	(-4*x.^2*exp(2*x.*y)-4*y.^2*exp(2*x.*y))	@(x,y) exp(2*x.*y)	17
618	19000	1	@(x,y) 1.2 + (x>0.5)	sin(y)./(x - 2) - (2*sin(y))./(x - 2).^3	@(x,y) sin(y)./(x-2)	18
619	19000	1	@(x,y) 1.2 + (x>0.5)	- 2./(x - 3).^3 - 2./(y - 3).^3	@(x,y) 1./(x-3) + 1./(y-3)	19
620	19000	1	@(x,y) 1.2 + (x>0.5)	-(2*x)./y.^3	@(x,y) x./y	20
621	19000	1	@(x,y) 1.4	12*x.^2+12*y.^2	@(x,y) -x.^4 - y.^4	21
622	19000	1	@(x,y) 1.4	 18*pi^2*cos(3*pi*y).*sin(3*pi*x)	@(x,y) sin(3*pi*x).*cos(3*pi*y)	22
623	19000	1	@(x,y) 1.4	 -3.*x	@(x,y) x.^3/2 + y	23
624	19000	1	@(x,y) 1.4	 -2*exp(x + y)	@(x,y) exp(x+y)	24
625	19000	1	@(x,y) 1.4	x.^2.*exp(y).*sin(x.*y) - 2*x.*exp(y).*cos(x.*y) - exp(y).*sin(x.*y) + y.^2*exp(y).*sin(x.*y)	@(x,y) sin(x.*y).*exp(y)	25
626	19000	1	@(x,y) 1.4	 (100*(x.^2).*pi^2.*sin(10*pi*x.*y) + 100*y.^2*pi^2.*sin(10*pi*x.*y)	@(x,y) sin(10*pi*x.*y)	26
627	19000	1	@(x,y) 1.4	 (- 3./(4*(x.^2 + y).^(1/2)) - 3*(x.^2 + y).^(1/2) - (3*x.^2)./(x.^2 + y).^(1/2))	@(x,y) (x.^2+y).^1.5	27
628	19000	1	@(x,y) 1.4	(pi^2.*cos((pi*x)./(y + 1)))./(y + 1).^2 + (2*x.*pi.*sin((pi*x)./(y + 1)))./(y + 1).^3 + (x.^2*pi^2.*cos((pi*x)./(y + 1)))./(y + 1).^4	@(x,y) cos(pi*x./(y+1))	28
629	19000	1	@(x,y) 1.4	-2*x.^3 + 6 * x .* y.^2	@(x,y) (x.^3).*(y.^2)	29
630	19000	1	@(x,y) 1.4	x.*exp(y)+y.*exp(x)	@(x,y) -(x.*exp(y)+y.*exp(x))	30
631	19000	1	@(x,y) 1.4	-2*exp(-x-y)	@(x,y) 1./exp(x+y)	31
632	19000	1	@(x,y) 1.4	- (4*exp(1./(x + y + 2)))./(x + y + 2).^3 - (2*exp(1./(x + y + 2)))./(x + y + 2).^4	@(x,y) exp(1./(x+y+2))	32
633	19000	1	@(x,y) 1.4	        - 1./cos(y) - 1./sin(x) - (2*cos(x).^2)./sin(x).^3 - (2*sin(y).^2)./cos(y).^3	@(x,y) 1./sin(x) + 1./cos(y)	33
634	19000	1	@(x,y) 1.4	                                                             -4./(x + y - 4).^3	@(x,y) 1./(x+y-4)	34
635	19000	1	@(x,y) 1.4	1./(x.^2 + y + 5).^2 - 2./(x.^2 + y + 5) + (4*x.^2)./(x.^2 + y + 5).^2	@(x,y) log(x.^2+y+5)	35
636	19000	1	@(x,y) 1.4	(-2./(x + y - 7).^2)	@(x,y) log(1./(x+y-7))	36
637	19000	1	@(x,y) 1.4	(-4*x.^2*exp(2*x.*y)-4*y.^2*exp(2*x.*y))	@(x,y) exp(2*x.*y)	37
638	19000	1	@(x,y) 1.4	sin(y)./(x - 2) - (2*sin(y))./(x - 2).^3	@(x,y) sin(y)./(x-2)	38
639	19000	1	@(x,y) 1.4	- 2./(x - 3).^3 - 2./(y - 3).^3	@(x,y) 1./(x-3) + 1./(y-3)	39
640	19000	1	@(x,y) 1.4	-(2*x)./y.^3	@(x,y) x./y	40
641	19000	1	@(x,y) 17	12*x.^2+12*y.^2	@(x,y) -x.^4 - y.^4	41
642	19000	1	@(x,y) 17	 18*pi^2*cos(3*pi*y).*sin(3*pi*x)	@(x,y) sin(3*pi*x).*cos(3*pi*y)	42
643	19000	1	@(x,y) 17	 -3.*x	@(x,y) x.^3/2 + y	43
644	19000	1	@(x,y) 17	 -2*exp(x + y)	@(x,y) exp(x+y)	44
645	19000	1	@(x,y) 17	x.^2.*exp(y).*sin(x.*y) - 2*x.*exp(y).*cos(x.*y) - exp(y).*sin(x.*y) + y.^2*exp(y).*sin(x.*y)	@(x,y) sin(x.*y).*exp(y)	45
646	19000	1	@(x,y) 17	 (100*(x.^2).*pi^2.*sin(10*pi*x.*y) + 100*y.^2*pi^2.*sin(10*pi*x.*y)	@(x,y) sin(10*pi*x.*y)	46
647	19000	1	@(x,y) 17	 (- 3./(4*(x.^2 + y).^(1/2)) - 3*(x.^2 + y).^(1/2) - (3*x.^2)./(x.^2 + y).^(1/2))	@(x,y) (x.^2+y).^1.5	47
648	19000	1	@(x,y) 17	(pi^2.*cos((pi*x)./(y + 1)))./(y + 1).^2 + (2*x.*pi.*sin((pi*x)./(y + 1)))./(y + 1).^3 + (x.^2*pi^2.*cos((pi*x)./(y + 1)))./(y + 1).^4	@(x,y) cos(pi*x./(y+1))	48
649	19000	1	@(x,y) 17	-2*x.^3 + 6 * x .* y.^2	@(x,y) (x.^3).*(y.^2)	49
650	19000	1	@(x,y) 17	x.*exp(y)+y.*exp(x)	@(x,y) -(x.*exp(y)+y.*exp(x))	50
651	19000	1	@(x,y) 17	-2*exp(-x-y)	@(x,y) 1./exp(x+y)	51
652	19000	1	@(x,y) 17	- (4*exp(1./(x + y + 2)))./(x + y + 2).^3 - (2*exp(1./(x + y + 2)))./(x + y + 2).^4	@(x,y) exp(1./(x+y+2))	52
653	19000	1	@(x,y) 17	        - 1./cos(y) - 1./sin(x) - (2*cos(x).^2)./sin(x).^3 - (2*sin(y).^2)./cos(y).^3	@(x,y) 1./sin(x) + 1./cos(y)	53
654	19000	1	@(x,y) 17	                                                             -4./(x + y - 4).^3	@(x,y) 1./(x+y-4)	54
655	19000	1	@(x,y) 17	1./(x.^2 + y + 5).^2 - 2./(x.^2 + y + 5) + (4*x.^2)./(x.^2 + y + 5).^2	@(x,y) log(x.^2+y+5)	55
656	19000	1	@(x,y) 17	(-2./(x + y - 7).^2)	@(x,y) log(1./(x+y-7))	56
657	19000	1	@(x,y) 17	(-4*x.^2*exp(2*x.*y)-4*y.^2*exp(2*x.*y))	@(x,y) exp(2*x.*y)	57
658	19000	1	@(x,y) 17	sin(y)./(x - 2) - (2*sin(y))./(x - 2).^3	@(x,y) sin(y)./(x-2)	58
659	19000	1	@(x,y) 17	- 2./(x - 3).^3 - 2./(y - 3).^3	@(x,y) 1./(x-3) + 1./(y-3)	59
660	19000	1	@(x,y) 17	-(2*x)./y.^3	@(x,y) x./y	60
661	19000	1	@(x,y) 91	12*x.^2+12*y.^2	@(x,y) -x.^4 - y.^4	61
662	19000	1	@(x,y) 91	 18*pi^2*cos(3*pi*y).*sin(3*pi*x)	@(x,y) sin(3*pi*x).*cos(3*pi*y)	62
663	19000	1	@(x,y) 91	 -3.*x	@(x,y) x.^3/2 + y	63
664	19000	1	@(x,y) 91	 -2*exp(x + y)	@(x,y) exp(x+y)	64
665	19000	1	@(x,y) 91	x.^2.*exp(y).*sin(x.*y) - 2*x.*exp(y).*cos(x.*y) - exp(y).*sin(x.*y) + y.^2*exp(y).*sin(x.*y)	@(x,y) sin(x.*y).*exp(y)	65
666	19000	1	@(x,y) 91	 (100*(x.^2).*pi^2.*sin(10*pi*x.*y) + 100*y.^2*pi^2.*sin(10*pi*x.*y)	@(x,y) sin(10*pi*x.*y)	66
667	19000	1	@(x,y) 91	 (- 3./(4*(x.^2 + y).^(1/2)) - 3*(x.^2 + y).^(1/2) - (3*x.^2)./(x.^2 + y).^(1/2))	@(x,y) (x.^2+y).^1.5	67
668	19000	1	@(x,y) 91	(pi^2.*cos((pi*x)./(y + 1)))./(y + 1).^2 + (2*x.*pi.*sin((pi*x)./(y + 1)))./(y + 1).^3 + (x.^2*pi^2.*cos((pi*x)./(y + 1)))./(y + 1).^4	@(x,y) cos(pi*x./(y+1))	68
669	19000	1	@(x,y) 91	-2*x.^3 + 6 * x .* y.^2	@(x,y) (x.^3).*(y.^2)	69
670	19000	1	@(x,y) 91	x.*exp(y)+y.*exp(x)	@(x,y) -(x.*exp(y)+y.*exp(x))	70
671	19000	1	@(x,y) 91	-2*exp(-x-y)	@(x,y) 1./exp(x+y)	71
672	19000	1	@(x,y) 91	- (4*exp(1./(x + y + 2)))./(x + y + 2).^3 - (2*exp(1./(x + y + 2)))./(x + y + 2).^4	@(x,y) exp(1./(x+y+2))	72
673	19000	1	@(x,y) 91	        - 1./cos(y) - 1./sin(x) - (2*cos(x).^2)./sin(x).^3 - (2*sin(y).^2)./cos(y).^3	@(x,y) 1./sin(x) + 1./cos(y)	73
674	19000	1	@(x,y) 91	                                                             -4./(x + y - 4).^3	@(x,y) 1./(x+y-4)	74
675	19000	1	@(x,y) 91	1./(x.^2 + y + 5).^2 - 2./(x.^2 + y + 5) + (4*x.^2)./(x.^2 + y + 5).^2	@(x,y) log(x.^2+y+5)	75
676	19000	1	@(x,y) 91	(-2./(x + y - 7).^2)	@(x,y) log(1./(x+y-7))	76
677	19000	1	@(x,y) 91	(-4*x.^2*exp(2*x.*y)-4*y.^2*exp(2*x.*y))	@(x,y) exp(2*x.*y)	77
678	19000	1	@(x,y) 91	sin(y)./(x - 2) - (2*sin(y))./(x - 2).^3	@(x,y) sin(y)./(x-2)	78
679	19000	1	@(x,y) 91	- 2./(x - 3).^3 - 2./(y - 3).^3	@(x,y) 1./(x-3) + 1./(y-3)	79
680	19000	1	@(x,y) 91	-(2*x)./y.^3	@(x,y) x./y	80
681	19000	1	@(x,y) 0.1	12*x.^2+12*y.^2	@(x,y) -x.^4 - y.^4	81
682	19000	1	@(x,y) 0.1	 18*pi^2*cos(3*pi*y).*sin(3*pi*x)	@(x,y) sin(3*pi*x).*cos(3*pi*y)	82
683	19000	1	@(x,y) 0.1	 -3.*x	@(x,y) x.^3/2 + y	83
684	19000	1	@(x,y) 0.1	 -2*exp(x + y)	@(x,y) exp(x+y)	84
685	19000	1	@(x,y) 0.1	x.^2.*exp(y).*sin(x.*y) - 2*x.*exp(y).*cos(x.*y) - exp(y).*sin(x.*y) + y.^2*exp(y).*sin(x.*y)	@(x,y) sin(x.*y).*exp(y)	85
686	19000	1	@(x,y) 0.1	 (100*(x.^2).*pi^2.*sin(10*pi*x.*y) + 100*y.^2*pi^2.*sin(10*pi*x.*y)	@(x,y) sin(10*pi*x.*y)	86
687	19000	1	@(x,y) 0.1	 (- 3./(4*(x.^2 + y).^(1/2)) - 3*(x.^2 + y).^(1/2) - (3*x.^2)./(x.^2 + y).^(1/2))	@(x,y) (x.^2+y).^1.5	87
688	19000	1	@(x,y) 0.1	(pi^2.*cos((pi*x)./(y + 1)))./(y + 1).^2 + (2*x.*pi.*sin((pi*x)./(y + 1)))./(y + 1).^3 + (x.^2*pi^2.*cos((pi*x)./(y + 1)))./(y + 1).^4	@(x,y) cos(pi*x./(y+1))	88
689	19000	1	@(x,y) 0.1	-2*x.^3 + 6 * x .* y.^2	@(x,y) (x.^3).*(y.^2)	89
690	19000	1	@(x,y) 0.1	x.*exp(y)+y.*exp(x)	@(x,y) -(x.*exp(y)+y.*exp(x))	90
691	19000	1	@(x,y) 0.1	-2*exp(-x-y)	@(x,y) 1./exp(x+y)	91
692	19000	1	@(x,y) 0.1	- (4*exp(1./(x + y + 2)))./(x + y + 2).^3 - (2*exp(1./(x + y + 2)))./(x + y + 2).^4	@(x,y) exp(1./(x+y+2))	92
693	19000	1	@(x,y) 0.1	        - 1./cos(y) - 1./sin(x) - (2*cos(x).^2)./sin(x).^3 - (2*sin(y).^2)./cos(y).^3	@(x,y) 1./sin(x) + 1./cos(y)	93
694	19000	1	@(x,y) 0.1	                                                             -4./(x + y - 4).^3	@(x,y) 1./(x+y-4)	94
695	19000	1	@(x,y) 0.1	1./(x.^2 + y + 5).^2 - 2./(x.^2 + y + 5) + (4*x.^2)./(x.^2 + y + 5).^2	@(x,y) log(x.^2+y+5)	95
696	19000	1	@(x,y) 0.1	(-2./(x + y - 7).^2)	@(x,y) log(1./(x+y-7))	96
697	19000	1	@(x,y) 0.1	(-4*x.^2*exp(2*x.*y)-4*y.^2*exp(2*x.*y))	@(x,y) exp(2*x.*y)	97
698	19000	1	@(x,y) 0.1	sin(y)./(x - 2) - (2*sin(y))./(x - 2).^3	@(x,y) sin(y)./(x-2)	98
699	19000	1	@(x,y) 0.1	- 2./(x - 3).^3 - 2./(y - 3).^3	@(x,y) 1./(x-3) + 1./(y-3)	99
700	19000	1	@(x,y) 0.1	-(2*x)./y.^3	@(x,y) x./y	100
701	19000	3	@(x,y) 1.2 + (x>0.5)	12*x.^2+12*y.^2	@(x,y) -x.^4 - y.^4	1
702	19000	3	@(x,y) 1.2 + (x>0.5)	 18*pi^2*cos(3*pi*y).*sin(3*pi*x)	@(x,y) sin(3*pi*x).*cos(3*pi*y)	2
703	19000	3	@(x,y) 1.2 + (x>0.5)	 -3.*x	@(x,y) x.^3/2 + y	3
704	19000	3	@(x,y) 1.2 + (x>0.5)	 -2*exp(x + y)	@(x,y) exp(x+y)	4
705	19000	3	@(x,y) 1.2 + (x>0.5)	x.^2.*exp(y).*sin(x.*y) - 2*x.*exp(y).*cos(x.*y) - exp(y).*sin(x.*y) + y.^2*exp(y).*sin(x.*y)	@(x,y) sin(x.*y).*exp(y)	5
706	19000	3	@(x,y) 1.2 + (x>0.5)	 (100*(x.^2).*pi^2.*sin(10*pi*x.*y) + 100*y.^2*pi^2.*sin(10*pi*x.*y)	@(x,y) sin(10*pi*x.*y)	6
707	19000	3	@(x,y) 1.2 + (x>0.5)	 (- 3./(4*(x.^2 + y).^(1/2)) - 3*(x.^2 + y).^(1/2) - (3*x.^2)./(x.^2 + y).^(1/2))	@(x,y) (x.^2+y).^1.5	7
708	19000	3	@(x,y) 1.2 + (x>0.5)	(pi^2.*cos((pi*x)./(y + 1)))./(y + 1).^2 + (2*x.*pi.*sin((pi*x)./(y + 1)))./(y + 1).^3 + (x.^2*pi^2.*cos((pi*x)./(y + 1)))./(y + 1).^4	@(x,y) cos(pi*x./(y+1))	8
709	19000	3	@(x,y) 1.2 + (x>0.5)	-2*x.^3 + 6 * x .* y.^2	@(x,y) (x.^3).*(y.^2)	9
710	19000	3	@(x,y) 1.2 + (x>0.5)	x.*exp(y)+y.*exp(x)	@(x,y) -(x.*exp(y)+y.*exp(x))	10
711	19000	3	@(x,y) 1.2 + (x>0.5)	-2*exp(-x-y)	@(x,y) 1./exp(x+y)	11
712	19000	3	@(x,y) 1.2 + (x>0.5)	- (4*exp(1./(x + y + 2)))./(x + y + 2).^3 - (2*exp(1./(x + y + 2)))./(x + y + 2).^4	@(x,y) exp(1./(x+y+2))	12
713	19000	3	@(x,y) 1.2 + (x>0.5)	        - 1./cos(y) - 1./sin(x) - (2*cos(x).^2)./sin(x).^3 - (2*sin(y).^2)./cos(y).^3	@(x,y) 1./sin(x) + 1./cos(y)	13
714	19000	3	@(x,y) 1.2 + (x>0.5)	                                                             -4./(x + y - 4).^3	@(x,y) 1./(x+y-4)	14
715	19000	3	@(x,y) 1.2 + (x>0.5)	1./(x.^2 + y + 5).^2 - 2./(x.^2 + y + 5) + (4*x.^2)./(x.^2 + y + 5).^2	@(x,y) log(x.^2+y+5)	15
716	19000	3	@(x,y) 1.2 + (x>0.5)	(-2./(x + y - 7).^2)	@(x,y) log(1./(x+y-7))	16
717	19000	3	@(x,y) 1.2 + (x>0.5)	(-4*x.^2*exp(2*x.*y)-4*y.^2*exp(2*x.*y))	@(x,y) exp(2*x.*y)	17
718	19000	3	@(x,y) 1.2 + (x>0.5)	sin(y)./(x - 2) - (2*sin(y))./(x - 2).^3	@(x,y) sin(y)./(x-2)	18
719	19000	3	@(x,y) 1.2 + (x>0.5)	- 2./(x - 3).^3 - 2./(y - 3).^3	@(x,y) 1./(x-3) + 1./(y-3)	19
720	19000	3	@(x,y) 1.2 + (x>0.5)	-(2*x)./y.^3	@(x,y) x./y	20
721	19000	3	@(x,y) 1.4	12*x.^2+12*y.^2	@(x,y) -x.^4 - y.^4	21
722	19000	3	@(x,y) 1.4	 18*pi^2*cos(3*pi*y).*sin(3*pi*x)	@(x,y) sin(3*pi*x).*cos(3*pi*y)	22
723	19000	3	@(x,y) 1.4	 -3.*x	@(x,y) x.^3/2 + y	23
724	19000	3	@(x,y) 1.4	 -2*exp(x + y)	@(x,y) exp(x+y)	24
725	19000	3	@(x,y) 1.4	x.^2.*exp(y).*sin(x.*y) - 2*x.*exp(y).*cos(x.*y) - exp(y).*sin(x.*y) + y.^2*exp(y).*sin(x.*y)	@(x,y) sin(x.*y).*exp(y)	25
726	19000	3	@(x,y) 1.4	 (100*(x.^2).*pi^2.*sin(10*pi*x.*y) + 100*y.^2*pi^2.*sin(10*pi*x.*y)	@(x,y) sin(10*pi*x.*y)	26
727	19000	3	@(x,y) 1.4	 (- 3./(4*(x.^2 + y).^(1/2)) - 3*(x.^2 + y).^(1/2) - (3*x.^2)./(x.^2 + y).^(1/2))	@(x,y) (x.^2+y).^1.5	27
728	19000	3	@(x,y) 1.4	(pi^2.*cos((pi*x)./(y + 1)))./(y + 1).^2 + (2*x.*pi.*sin((pi*x)./(y + 1)))./(y + 1).^3 + (x.^2*pi^2.*cos((pi*x)./(y + 1)))./(y + 1).^4	@(x,y) cos(pi*x./(y+1))	28
729	19000	3	@(x,y) 1.4	-2*x.^3 + 6 * x .* y.^2	@(x,y) (x.^3).*(y.^2)	29
730	19000	3	@(x,y) 1.4	x.*exp(y)+y.*exp(x)	@(x,y) -(x.*exp(y)+y.*exp(x))	30
731	19000	3	@(x,y) 1.4	-2*exp(-x-y)	@(x,y) 1./exp(x+y)	31
732	19000	3	@(x,y) 1.4	- (4*exp(1./(x + y + 2)))./(x + y + 2).^3 - (2*exp(1./(x + y + 2)))./(x + y + 2).^4	@(x,y) exp(1./(x+y+2))	32
733	19000	3	@(x,y) 1.4	        - 1./cos(y) - 1./sin(x) - (2*cos(x).^2)./sin(x).^3 - (2*sin(y).^2)./cos(y).^3	@(x,y) 1./sin(x) + 1./cos(y)	33
734	19000	3	@(x,y) 1.4	                                                             -4./(x + y - 4).^3	@(x,y) 1./(x+y-4)	34
735	19000	3	@(x,y) 1.4	1./(x.^2 + y + 5).^2 - 2./(x.^2 + y + 5) + (4*x.^2)./(x.^2 + y + 5).^2	@(x,y) log(x.^2+y+5)	35
736	19000	3	@(x,y) 1.4	(-2./(x + y - 7).^2)	@(x,y) log(1./(x+y-7))	36
737	19000	3	@(x,y) 1.4	(-4*x.^2*exp(2*x.*y)-4*y.^2*exp(2*x.*y))	@(x,y) exp(2*x.*y)	37
738	19000	3	@(x,y) 1.4	sin(y)./(x - 2) - (2*sin(y))./(x - 2).^3	@(x,y) sin(y)./(x-2)	38
739	19000	3	@(x,y) 1.4	- 2./(x - 3).^3 - 2./(y - 3).^3	@(x,y) 1./(x-3) + 1./(y-3)	39
740	19000	3	@(x,y) 1.4	-(2*x)./y.^3	@(x,y) x./y	40
741	19000	3	@(x,y) 17	12*x.^2+12*y.^2	@(x,y) -x.^4 - y.^4	41
742	19000	3	@(x,y) 17	 18*pi^2*cos(3*pi*y).*sin(3*pi*x)	@(x,y) sin(3*pi*x).*cos(3*pi*y)	42
743	19000	3	@(x,y) 17	 -3.*x	@(x,y) x.^3/2 + y	43
744	19000	3	@(x,y) 17	 -2*exp(x + y)	@(x,y) exp(x+y)	44
745	19000	3	@(x,y) 17	x.^2.*exp(y).*sin(x.*y) - 2*x.*exp(y).*cos(x.*y) - exp(y).*sin(x.*y) + y.^2*exp(y).*sin(x.*y)	@(x,y) sin(x.*y).*exp(y)	45
746	19000	3	@(x,y) 17	 (100*(x.^2).*pi^2.*sin(10*pi*x.*y) + 100*y.^2*pi^2.*sin(10*pi*x.*y)	@(x,y) sin(10*pi*x.*y)	46
747	19000	3	@(x,y) 17	 (- 3./(4*(x.^2 + y).^(1/2)) - 3*(x.^2 + y).^(1/2) - (3*x.^2)./(x.^2 + y).^(1/2))	@(x,y) (x.^2+y).^1.5	47
748	19000	3	@(x,y) 17	(pi^2.*cos((pi*x)./(y + 1)))./(y + 1).^2 + (2*x.*pi.*sin((pi*x)./(y + 1)))./(y + 1).^3 + (x.^2*pi^2.*cos((pi*x)./(y + 1)))./(y + 1).^4	@(x,y) cos(pi*x./(y+1))	48
749	19000	3	@(x,y) 17	-2*x.^3 + 6 * x .* y.^2	@(x,y) (x.^3).*(y.^2)	49
750	19000	3	@(x,y) 17	x.*exp(y)+y.*exp(x)	@(x,y) -(x.*exp(y)+y.*exp(x))	50
751	19000	3	@(x,y) 17	-2*exp(-x-y)	@(x,y) 1./exp(x+y)	51
752	19000	3	@(x,y) 17	- (4*exp(1./(x + y + 2)))./(x + y + 2).^3 - (2*exp(1./(x + y + 2)))./(x + y + 2).^4	@(x,y) exp(1./(x+y+2))	52
753	19000	3	@(x,y) 17	        - 1./cos(y) - 1./sin(x) - (2*cos(x).^2)./sin(x).^3 - (2*sin(y).^2)./cos(y).^3	@(x,y) 1./sin(x) + 1./cos(y)	53
754	19000	3	@(x,y) 17	                                                             -4./(x + y - 4).^3	@(x,y) 1./(x+y-4)	54
755	19000	3	@(x,y) 17	1./(x.^2 + y + 5).^2 - 2./(x.^2 + y + 5) + (4*x.^2)./(x.^2 + y + 5).^2	@(x,y) log(x.^2+y+5)	55
756	19000	3	@(x,y) 17	(-2./(x + y - 7).^2)	@(x,y) log(1./(x+y-7))	56
757	19000	3	@(x,y) 17	(-4*x.^2*exp(2*x.*y)-4*y.^2*exp(2*x.*y))	@(x,y) exp(2*x.*y)	57
758	19000	3	@(x,y) 17	sin(y)./(x - 2) - (2*sin(y))./(x - 2).^3	@(x,y) sin(y)./(x-2)	58
759	19000	3	@(x,y) 17	- 2./(x - 3).^3 - 2./(y - 3).^3	@(x,y) 1./(x-3) + 1./(y-3)	59
760	19000	3	@(x,y) 17	-(2*x)./y.^3	@(x,y) x./y	60
761	19000	3	@(x,y) 91	12*x.^2+12*y.^2	@(x,y) -x.^4 - y.^4	61
762	19000	3	@(x,y) 91	 18*pi^2*cos(3*pi*y).*sin(3*pi*x)	@(x,y) sin(3*pi*x).*cos(3*pi*y)	62
763	19000	3	@(x,y) 91	 -3.*x	@(x,y) x.^3/2 + y	63
764	19000	3	@(x,y) 91	 -2*exp(x + y)	@(x,y) exp(x+y)	64
765	19000	3	@(x,y) 91	x.^2.*exp(y).*sin(x.*y) - 2*x.*exp(y).*cos(x.*y) - exp(y).*sin(x.*y) + y.^2*exp(y).*sin(x.*y)	@(x,y) sin(x.*y).*exp(y)	65
766	19000	3	@(x,y) 91	 (100*(x.^2).*pi^2.*sin(10*pi*x.*y) + 100*y.^2*pi^2.*sin(10*pi*x.*y)	@(x,y) sin(10*pi*x.*y)	66
767	19000	3	@(x,y) 91	 (- 3./(4*(x.^2 + y).^(1/2)) - 3*(x.^2 + y).^(1/2) - (3*x.^2)./(x.^2 + y).^(1/2))	@(x,y) (x.^2+y).^1.5	67
768	19000	3	@(x,y) 91	(pi^2.*cos((pi*x)./(y + 1)))./(y + 1).^2 + (2*x.*pi.*sin((pi*x)./(y + 1)))./(y + 1).^3 + (x.^2*pi^2.*cos((pi*x)./(y + 1)))./(y + 1).^4	@(x,y) cos(pi*x./(y+1))	68
769	19000	3	@(x,y) 91	-2*x.^3 + 6 * x .* y.^2	@(x,y) (x.^3).*(y.^2)	69
770	19000	3	@(x,y) 91	x.*exp(y)+y.*exp(x)	@(x,y) -(x.*exp(y)+y.*exp(x))	70
771	19000	3	@(x,y) 91	-2*exp(-x-y)	@(x,y) 1./exp(x+y)	71
772	19000	3	@(x,y) 91	- (4*exp(1./(x + y + 2)))./(x + y + 2).^3 - (2*exp(1./(x + y + 2)))./(x + y + 2).^4	@(x,y) exp(1./(x+y+2))	72
773	19000	3	@(x,y) 91	        - 1./cos(y) - 1./sin(x) - (2*cos(x).^2)./sin(x).^3 - (2*sin(y).^2)./cos(y).^3	@(x,y) 1./sin(x) + 1./cos(y)	73
774	19000	3	@(x,y) 91	                                                             -4./(x + y - 4).^3	@(x,y) 1./(x+y-4)	74
775	19000	3	@(x,y) 91	1./(x.^2 + y + 5).^2 - 2./(x.^2 + y + 5) + (4*x.^2)./(x.^2 + y + 5).^2	@(x,y) log(x.^2+y+5)	75
776	19000	3	@(x,y) 91	(-2./(x + y - 7).^2)	@(x,y) log(1./(x+y-7))	76
777	19000	3	@(x,y) 91	(-4*x.^2*exp(2*x.*y)-4*y.^2*exp(2*x.*y))	@(x,y) exp(2*x.*y)	77
778	19000	3	@(x,y) 91	sin(y)./(x - 2) - (2*sin(y))./(x - 2).^3	@(x,y) sin(y)./(x-2)	78
779	19000	3	@(x,y) 91	- 2./(x - 3).^3 - 2./(y - 3).^3	@(x,y) 1./(x-3) + 1./(y-3)	79
780	19000	3	@(x,y) 91	-(2*x)./y.^3	@(x,y) x./y	80
781	19000	3	@(x,y) 0.1	12*x.^2+12*y.^2	@(x,y) -x.^4 - y.^4	81
782	19000	3	@(x,y) 0.1	 18*pi^2*cos(3*pi*y).*sin(3*pi*x)	@(x,y) sin(3*pi*x).*cos(3*pi*y)	82
783	19000	3	@(x,y) 0.1	 -3.*x	@(x,y) x.^3/2 + y	83
784	19000	3	@(x,y) 0.1	 -2*exp(x + y)	@(x,y) exp(x+y)	84
785	19000	3	@(x,y) 0.1	x.^2.*exp(y).*sin(x.*y) - 2*x.*exp(y).*cos(x.*y) - exp(y).*sin(x.*y) + y.^2*exp(y).*sin(x.*y)	@(x,y) sin(x.*y).*exp(y)	85
786	19000	3	@(x,y) 0.1	 (100*(x.^2).*pi^2.*sin(10*pi*x.*y) + 100*y.^2*pi^2.*sin(10*pi*x.*y)	@(x,y) sin(10*pi*x.*y)	86
787	19000	3	@(x,y) 0.1	 (- 3./(4*(x.^2 + y).^(1/2)) - 3*(x.^2 + y).^(1/2) - (3*x.^2)./(x.^2 + y).^(1/2))	@(x,y) (x.^2+y).^1.5	87
788	19000	3	@(x,y) 0.1	(pi^2.*cos((pi*x)./(y + 1)))./(y + 1).^2 + (2*x.*pi.*sin((pi*x)./(y + 1)))./(y + 1).^3 + (x.^2*pi^2.*cos((pi*x)./(y + 1)))./(y + 1).^4	@(x,y) cos(pi*x./(y+1))	88
789	19000	3	@(x,y) 0.1	-2*x.^3 + 6 * x .* y.^2	@(x,y) (x.^3).*(y.^2)	89
790	19000	3	@(x,y) 0.1	x.*exp(y)+y.*exp(x)	@(x,y) -(x.*exp(y)+y.*exp(x))	90
791	19000	3	@(x,y) 0.1	-2*exp(-x-y)	@(x,y) 1./exp(x+y)	91
792	19000	3	@(x,y) 0.1	- (4*exp(1./(x + y + 2)))./(x + y + 2).^3 - (2*exp(1./(x + y + 2)))./(x + y + 2).^4	@(x,y) exp(1./(x+y+2))	92
793	19000	3	@(x,y) 0.1	        - 1./cos(y) - 1./sin(x) - (2*cos(x).^2)./sin(x).^3 - (2*sin(y).^2)./cos(y).^3	@(x,y) 1./sin(x) + 1./cos(y)	93
794	19000	3	@(x,y) 0.1	                                                             -4./(x + y - 4).^3	@(x,y) 1./(x+y-4)	94
795	19000	3	@(x,y) 0.1	1./(x.^2 + y + 5).^2 - 2./(x.^2 + y + 5) + (4*x.^2)./(x.^2 + y + 5).^2	@(x,y) log(x.^2+y+5)	95
796	19000	3	@(x,y) 0.1	(-2./(x + y - 7).^2)	@(x,y) log(1./(x+y-7))	96
797	19000	3	@(x,y) 0.1	(-4*x.^2*exp(2*x.*y)-4*y.^2*exp(2*x.*y))	@(x,y) exp(2*x.*y)	97
798	19000	3	@(x,y) 0.1	sin(y)./(x - 2) - (2*sin(y))./(x - 2).^3	@(x,y) sin(y)./(x-2)	98
799	19000	3	@(x,y) 0.1	- 2./(x - 3).^3 - 2./(y - 3).^3	@(x,y) 1./(x-3) + 1./(y-3)	99
800	19000	3	@(x,y) 0.1	-(2*x)./y.^3	@(x,y) x./y	100
